Gene	T37276_0.6
Motif	M001_0.6
Pos	A	C	G	U
1	0.39532879396435	0.105513888686126	0.105513888686126	0.393643427745405
2	0.00770456803068082	0.00770456803068082	0.00770456803068082	0.976886297348457
3	0.976886297348457	0.00770456803068082	0.00770456803068082	0.00770456803068082
4	0.976886297348457	0.00770456803068082	0.00770456803068082	0.00770456803068082
5	0.00770456803068082	0.00770456803068082	0.00770456803068082	0.976886297348457
6	0.00770456803068082	0.00770456803068082	0.00770456803068082	0.976886297348457
7	0.321131137484576	0.143803698114993	0.478370946765367	0.0566942181612342




Gene	T18799_0.6
Motif	M002_0.6
Pos	A	C	G	U
1	0.773202708628553	0.0755990967724702	0.0755990967724702	0.0755990967724702
2	0.00430461221593073	0.00430461221593073	0.987086161345983	0.00430461221593073
3	0.987086161345983	0.00430461221593073	0.00430461221593073	0.00430461221593073
4	0.00430461221593073	0.987086161345983	0.00430461221593073	0.00430461221593073
5	0.00430461221593073	0.00430461221593073	0.987086161345983	0.00430461221593073
6	0.228809755236608	0.10208869663005	0.00430461221593073	0.664796933911185
7	0.427754153606094	0.0793093155884373	0.0997300686202917	0.393206460178951




Gene	T37201_0.6
Motif	M004_0.6
Pos	A	C	G	U
1	0.0850634504936057	0.0850634504936057	0.175951658141761	0.65392143623043
2	0.0130464984118041	0.0130464984118041	0.776576805287808	0.197330201099004
3	0.0130464984118041	0.0130464984118041	0.0130464984118041	0.960860507975009
4	0.0130464984118041	0.0130464984118041	0.764576198088384	0.20933080829843
5	0.0130464984118041	0.0130464984118041	0.104633577159811	0.869273429227003
6	0.0130464984118041	0.0130464984118041	0.666799025115857	0.307107981270957
7	0.0831008331277267	0.0831008331277267	0.264547858016938	0.56925047512411




Gene	T37262_0.6
Motif	M012_0.6
Pos	A	C	G	U
1	0.0328789423925834	0.796090953786487	0.0328789423925834	0.1381511617227
2	0.277371950787395	0.218125806732724	0.00894548662494545	0.495556756341827
3	0.104263170593888	0.0961698533174317	0.00894548662494545	0.790621489950626
4	0.00894548662494545	0.00894548662494545	0.00894548662494545	0.973163540612057
5	0.00894548662494545	0.00894548662494545	0.00894548662494545	0.973163540612057
6	0.00894548662494545	0.00894548662494545	0.00894548662494545	0.973163540612057
7	0.032709768680212	0.032709768680212	0.214375375899823	0.720205086989861




Gene	T37172_0.6
Motif	M013_0.6
Pos	A	C	G	U
1	0.012021481040213	0.012021481040213	0.012021481040213	0.963935552230588
2	0.963935552230588	0.012021481040213	0.012021481040213	0.012021481040213
3	0.10164370706502	0.012021481040213	0.87431332620578	0.012021481040213
4	0.11753403355671	0.012021481040213	0.670501924945205	0.199942555809099
5	0.201960375046139	0.012021481040213	0.0992223239805725	0.686795815284302
6	0.686795815284302	0.012021481040213	0.0979107414764966	0.203271957550215
7	0.337267846220653	0.0591582052159025	0.544415746060043	0.0591582052159025




Gene	T18787_0.6
Motif	M016_0.6
Pos	A	C	G	U
1	0.110871349592076	0.110871349592076	0.576230667329126	0.20202663331605
2	0.0183331335327331	0.0183331335327331	0.94500060058715	0.0183331335327331
3	0.94500060058715	0.0183331335327331	0.0183331335327331	0.0183331335327331
4	0.0183331335327331	0.94500060058715	0.0183331335327331	0.0183331335327331
5	0.766209687874068	0.0183331335327331	0.197124046245815	0.0183331335327331
6	0.499700431433382	0.0414525935076519	0.417394376983791	0.0414525935076519
7	0.133741033785827	0.0414525935076519	0.783353774631347	0.0414525935076519




Gene	T37341_0.6
Motif	M019_0.6
Pos	A	C	G	U
1	0.832591212792457	0.0558029276066798	0.0558029276066798	0.0558029276066798
2	0.0966226073699798	0.00907801179449789	0.885221367741483	0.00907801179449789
3	0.972765963316962	0.00907801179449789	0.00907801179449789	0.00907801179449789
4	0.107870731139151	0.00907801179449789	0.873973243972311	0.00907801179449789
5	0.88034098346147	0.101502991649992	0.00907801179449789	0.00907801179449789
6	0.579942318377788	0.208383204944379	0.202596463583794	0.00907801179449789
7	0.53601577568826	0.261823409655306	0.145620314013802	0.0565404994373066




Gene	T18798_0.6
Motif	M020_0.6
Pos	A	C	G	U
1	0.178193502140083	0.0872748171298672	0.559955658611622	0.174576018853948
2	0.0187091904613737	0.0187091904613737	0.943872429890684	0.0187091904613737
3	0.943872429890684	0.0187091904613737	0.0187091904613737	0.0187091904613737
4	0.0187091904613737	0.943872429890684	0.0187091904613737	0.0187091904613737
5	0.390029702673727	0.0187091904613737	0.572551917678331	0.0187091904613737
6	0.467654595207375	0.0187091904613737	0.494927025144681	0.0187091904613737
7	0.236166926814529	0.0418072619199785	0.680218543574584	0.0418072619199785




Gene	T37266_0.6
Motif	M021_0.6
Pos	A	C	G	U
1	0.742366063976806	0.0581777369833999	0.0581777369833999	0.141278459156637
2	0.0345082646186025	0.0345082646186025	0.896475201416213	0.0345082646186025
3	0.0109308534433254	0.0109308534433254	0.967207439104606	0.0109308534433254
4	0.967207439104606	0.0109308534433254	0.0109308534433254	0.0109308534433254
5	0.0109308534433254	0.0109308534433254	0.0109308534433254	0.967207439104606
6	0.310913414147557	0.0109308534433254	0.480632010561457	0.197523721282244
7	0.608185248518451	0.0109308534433254	0.28109542448086	0.0997884729919465




Gene	T37258_0.6
Motif	M022_0.6
Pos	A	C	G	U
1	0.268221312682607	0.0829313540793576	0.272138394820678	0.376708940945804
2	0.00960823913423693	0.00960823913423693	0.00960823913423693	0.971175286760165
3	0.971175286760165	0.00960823913423693	0.00960823913423693	0.00960823913423693
4	0.00960823913423693	0.00960823913423693	0.971175286760165	0.00960823913423693
5	0.00960823913423693	0.00960823913423693	0.971175286760165	0.00960823913423693
6	0.00960823913423693	0.00960823913423693	0.877684300946812	0.103099224947591
7	0.591091834175316	0.10395683684393	0.10395683684393	0.200994489206751




Gene	T37267_0.6
Motif	M023_0.6
Pos	A	C	G	U
1	0.177970192173746	0.0861306541812456	0.26726181043746	0.468637347084201
2	0.0130996148949014	0.0130996148949014	0.0130996148949014	0.960701149831704
3	0.960701149831704	0.0130996148949014	0.0130996148949014	0.0130996148949014
4	0.0130996148949014	0.0130996148949014	0.960701149831704	0.0130996148949014
5	0.0130996148949014	0.0130996148949014	0.960701149831704	0.0130996148949014
6	0.0364714854774028	0.0364714854774028	0.799054936957703	0.128002090532653
7	0.452983499712739	0.0827790329891177	0.0827790329891177	0.381458429585513




Gene	T37238_0.6
Motif	M024_0.6
Pos	A	C	G	U
1	0.293787072460145	0.10669127911739	0.294856998578936	0.304664654667863
2	0.0582383292763632	0.0582383292763632	0.0582383292763632	0.825285010553876
3	0.967610692986855	0.0107964367267484	0.0107964367267484	0.0107964367267484
4	0.0107964367267484	0.0107964367267484	0.967610692986855	0.0107964367267484
5	0.0107964367267484	0.0107964367267484	0.967610692986855	0.0107964367267484
6	0.0107964367267484	0.0107964367267484	0.967610692986855	0.0107964367267484
7	0.65932135338852	0.0823856706911844	0.0823856706911844	0.175907308208913




Gene	T37187_0.6
Motif	M025_0.6
Pos	A	C	G	U
1	0.56581046380828	0.184580241664291	0.080343963638578	0.169265330645431
2	0.00615312633272871	0.00615312633272871	0.00615312633272871	0.981540621551337
3	0.00615312633272871	0.00615312633272871	0.00615312633272871	0.981540621551337
4	0.00615312633272871	0.00615312633272871	0.00615312633272871	0.981540621551337
5	0.00615312633272871	0.00615312633272871	0.00615312633272871	0.981540621551337
6	0.00615312633272871	0.00615312633272871	0.00615312633272871	0.981540621551337
7	0.0545680904020458	0.147523892443351	0.272217299111428	0.52569071776952




Gene	T18806_0.6
Motif	M026_0.6
Pos	A	C	G	U
1	0.109804549527276	0.856031637939824	0.0170819044177939	0.0170819044177939
2	0.108255211143277	0.76485833121434	0.0170819044177939	0.109804549527276
3	0.856031637939824	0.0170819044177939	0.0170819044177939	0.109804549527276
4	0.593491811528232	0.0170819044177939	0.103135658222238	0.286290622134421
5	0.312760833839568	0.502420296283448	0.040993376028484	0.143825489481627
6	0.0642751501391216	0.807174542424277	0.0642751501391216	0.0642751501391216
7	0.0880498710944913	0.735850379141296	0.0880498710944913	0.0880498710944913




Gene	T37210_0.6
Motif	M027_0.6
Pos	A	C	G	U
1	0.737562985257612	0.146785196267679	0.0578259110965854	0.0578259110965854
2	0.191432559536191	0.686074285555823	0.0111137710069721	0.111379381229144
3	0.966658684307214	0.0111137710069721	0.0111137710069721	0.0111137710069721
4	0.11028326236173	0.67147398224186	0.0111137710069721	0.207128981717569
5	0.88412827735981	0.0111137710069721	0.0111137710069721	0.0936441779543756
6	0.274028733615639	0.703743721698546	0.0111137710069721	0.0111137710069721
7	0.716364903447614	0.213975591094505	0.034829755217311	0.034829755217311




Gene	T37170_0.6
Motif	M031_0.6
Pos	A	C	G	U
1	0.00647952351346512	0.00647952351346512	0.00647952351346512	0.980561431632273
2	0.00647952351346512	0.00647952351346512	0.00647952351346512	0.980561431632273
3	0.536437275324277	0.00647952351346512	0.177269807570215	0.279813395764714
4	0.0879178724305586	0.00647952351346512	0.185654273257177	0.719948332971471
5	0.00647952351346512	0.00647952351346512	0.00647952351346512	0.980561431632273
6	0.00647952351346512	0.00647952351346512	0.00647952351346512	0.980561431632273
7	0.0569500736473458	0.14372969379225	0.143649910538235	0.655670322989179




Gene	T22209_0.6
Motif	M032_0.6
Pos	A	C	G	U
1	0.564544750782044	0.176611111265786	0.171979417647919	0.0868647226646405
2	0.399782829826952	0.5206986972781	0.0397592373599863	0.0397592373599863
3	0.951032580838079	0.0163224706475051	0.0163224706475051	0.0163224706475051
4	0.507026175490207	0.199209200887384	0.0163224706475051	0.277442145755497
5	0.596933445232028	0.109301931145564	0.0163224706475051	0.277442145755497
6	0.109301931145564	0.85805312034002	0.0163224706475051	0.0163224706475051
7	0.951032580838079	0.0163224706475051	0.0163224706475051	0.0163224706475051




Gene	T18800_0.6
Motif	M033_0.6
Pos	A	C	G	U
1	0.212203224238528	0.129282764199032	0.529231249046511	0.129282764199032
2	0.96976571513663	0.0100780952609581	0.0100780952609581	0.0100780952609581
3	0.0100780952609581	0.0100780952609581	0.0100780952609581	0.96976571513663
4	0.96976571513663	0.0100780952609581	0.0100780952609581	0.0100780952609581
5	0.96976571513663	0.0100780952609581	0.0100780952609581	0.0100780952609581
6	0.96976571513663	0.0100780952609581	0.0100780952609581	0.0100780952609581
7	0.211219159369854	0.530113980770901	0.224001732798915	0.0346651229530925
8	0.233726327673742	0.314652487290389	0.320816953549209	0.130804231633577




Gene	T06788_0.6
Motif	M035_0.6
Pos	A	C	G	U
1	0.304005719239733	0.38739797531058	0.109358457066392	0.1992378419614
2	0.0392662279417396	0.0392662279417396	0.882201309138528	0.0392662279417396
3	0.0392662279417396	0.0392662279417396	0.882201309138528	0.0392662279417396
4	0.882201309138528	0.0392662279417396	0.0392662279417396	0.0392662279417396
5	0.0155160569156276	0.0155160569156276	0.953451834693837	0.0155160569156276
6	0.695453720462072	0.0392662279417396	0.0392662279417396	0.226013816618194
7	0.719902251897349	0.0625531467635553	0.15499146140642	0.0625531467635553




Gene	T37165_0.6
Motif	M036_0.6
Pos	A	C	G	U
1	0.458380704689553	0.367197490310543	0.0872109044563551	0.0872109044563551
2	0.865132892167346	0.0171923089037042	0.0171923089037042	0.100482487992784
3	0.100653792821114	0.0171923089037042	0.0171923089037042	0.864961587339017
4	0.0171923089037042	0.948423071256426	0.0171923089037042	0.0171923089037042
5	0.0171923089037042	0.0171923089037042	0.0171923089037042	0.948423071256426
6	0.0171923089037042	0.0171923089037042	0.0171923089037042	0.948423071256426
7	0.17717267398699	0.0878821919687232	0.647062933613719	0.0878821919687232




Gene	T02652_0.6
Motif	M037_0.6
Pos	A	C	G	U
1	0.315547835049928	0.190241985374528	0.212006636214348	0.282203544734165
2	0.00862191426430533	0.1184004903088	0.86435567860585	0.00862191426430533
3	0.00862191426430533	0.86435567860585	0.00862191426430533	0.1184004903088
4	0.00862191426430533	0.00862191426430533	0.00862191426430533	0.974134254650341
5	0.00862191426430533	0.00862191426430533	0.00862191426430533	0.974134254650341
6	0.115568019138569	0.0329498996799759	0.818532180692865	0.0329498996799759
7	0.0563862911776558	0.749437918287827	0.137789501585831	0.0563862911776558




Gene	T37256_0.6
Motif	M040_0.6
Pos	A	C	G	U
1	0.0573908450322538	0.0573908450322538	0.0573908450322538	0.827827466201957
2	0.968267430564211	0.0105775239209646	0.0105775239209646	0.0105775239209646
3	0.0105775239209646	0.0105775239209646	0.968267430564211	0.0105775239209646
4	0.124088616708191	0.103802801091639	0.115982277003152	0.656126307524123
5	0.436631437390063	0.0105775239209646	0.0105775239209646	0.542213517095112
6	0.559228530097152	0.0340974027387246	0.372576666012112	0.0340974027387246
7	0.138156348988225	0.0569421741072173	0.747959299486104	0.0569421741072173




Gene	T37185_0.6
Motif	M042_0.6
Pos	A	C	G	U
1	0.7784371010493	0.10307987171858	0.110525483304575	0.0079575404738413
2	0.790962791373655	0.103881309076795	0.0971983556220047	0.0079575404738413
3	0.976127375124768	0.0079575404738413	0.0079575404738413	0.0079575404738413
4	0.976127375124768	0.0079575404738413	0.0079575404738413	0.0079575404738413
5	0.976127375124768	0.0079575404738413	0.0079575404738413	0.0079575404738413
6	0.684736674794941	0.111016686846707	0.103752044986761	0.100494589917888
7	0.682707228581397	0.104799084116041	0.204536143375017	0.0079575404738413




Gene	T18814_0.6
Motif	M043_0.6
Pos	A	C	G	U
1	0.046319513823871	0.779292093387599	0.046319513823871	0.128068869766166
2	0.024144469689902	0.763613049142094	0.024144469689902	0.188098000096267
3	0.024144469689902	0.311333882444892	0.024144469689902	0.640377166793469
4	0.105624137096151	0.311333882444892	0.024144469689902	0.558897499387218
5	0.108038612109826	0.734923404861957	0.024144469689902	0.132893501956478
6	0.024144469689902	0.927566579548458	0.024144469689902	0.024144469689902
7	0.157967068788357	0.625488077050551	0.0680608582803663	0.148483991353379




Gene	T37277_0.6
Motif	M044_0.6
Pos	A	C	G	U
1	0.0869664872741963	0.360842894195759	0.465224124250878	0.0869664872741963
2	0.0185059653053864	0.572626211949122	0.297104793735792	0.111763023698642
3	0.0185059653053864	0.20589934215392	0.75708872192425	0.0185059653053864
4	0.0185059653053864	0.944482098772784	0.0185059653053864	0.0185059653053864
5	0.0185059653053864	0.109711416887259	0.853276647190911	0.0185059653053864
6	0.0185059653053864	0.856793687438998	0.106194376639172	0.0185059653053864
7	0.064957077214725	0.340097816109821	0.52998803647158	0.064957077214725




Gene	T18792_0.6
Motif	M046_0.6
Pos	A	C	G	U
1	0.824349987340932	0.0585500035959731	0.0585500035959731	0.0585500035959731
2	0.0146857902481741	0.955942627034291	0.0146857902481741	0.0146857902481741
3	0.0146857902481741	0.0146857902481741	0.0146857902481741	0.955942627034291
4	0.955942627034291	0.0146857902481741	0.0146857902481741	0.0146857902481741
5	0.955942627034291	0.0146857902481741	0.0146857902481741	0.0146857902481741
6	0.0146857902481741	0.820842135003972	0.0146857902481741	0.149786282278493
7	0.411147838945707	0.304972072342184	0.173045744395095	0.110834350817173




Gene	T37213_0.6
Motif	M047_0.6
Pos	A	C	G	U
1	0.0802122581797632	0.0802122581797632	0.759363224791154	0.0802122581797632
2	0.512927721783624	0.0355646809337071	0.0355646809337071	0.415942910609746
3	0.0122004118712643	0.0122004118712643	0.963398765469714	0.0122004118712643
4	0.0122004118712643	0.0122004118712643	0.0122004118712643	0.963398765469714
5	0.963398765469714	0.0122004118712643	0.0122004118712643	0.0122004118712643
6	0.0122004118712643	0.0122004118712643	0.963398765469714	0.0122004118712643
7	0.403106039194459	0.0846580151714892	0.163314535620475	0.348921410049221




Gene	T37204_0.6
Motif	M048_0.6
Pos	A	C	G	U
1	0.169305997055016	0.0824047674715971	0.665884473058981	0.0824047674715971
2	0.719593993508974	0.0367687437588604	0.20686852549348	0.0367687437588604
3	0.184494469046595	0.0133316901580824	0.191715079000144	0.610458758785568
4	0.960004926516143	0.0133316901580824	0.0133316901580824	0.0133316901580824
5	0.191715079000144	0.781621537674081	0.0133316901580824	0.0133316901580824
6	0.125075037120515	0.0365470770429918	0.597009060218934	0.24136882568045
7	0.682840496763612	0.105719834126826	0.105719834126826	0.105719834126826




Gene	T37369_0.6
Motif	M050_0.6
Pos	A	C	G	U
1	0.0547719353224411	0.0547719353224411	0.835684192517964	0.0547719353224411
2	0.00643115088969442	0.980706548549774	0.00643115088969442	0.00643115088969442
3	0.00643115088969442	0.00643115088969442	0.980706548549774	0.00643115088969442
4	0.00643115088969442	0.893047559738362	0.0940901397011093	0.00643115088969442
5	0.00643115088969442	0.0940901397011093	0.893047559738362	0.00643115088969442
6	0.00643115088969442	0.22171430864045	0.678504736348866	0.0933498053398482
7	0.0564697130878233	0.234661253699658	0.57065072017103	0.138218311454527




Gene	T37184_0.6
Motif	M051_0.6
Pos	A	C	G	U
1	0.446003404503079	0.0566725164453121	0.0566725164453121	0.440651566392308
2	0.00901702888447405	0.00901702888447405	0.00901702888447405	0.972948908920515
3	0.972948908920515	0.00901702888447405	0.00901702888447405	0.00901702888447405
4	0.00901702888447405	0.972948908920515	0.00901702888447405	0.00901702888447405
5	0.58286539702691	0.00901702888447405	0.00901702888447405	0.399100540778078
6	0.00901702888447405	0.00901702888447405	0.00901702888447405	0.972948908920515
7	0.104460301246234	0.104460301246234	0.194732176924498	0.596347218686662




Gene	T37283_0.6
Motif	M052_0.6
Pos	A	C	G	U
1	0.713699488133621	0.0355555534180339	0.21518940745973	0.0355555534180339
2	0.965895813424702	0.0113680604768995	0.0113680604768995	0.0113680604768995
3	0.0113680604768995	0.0113680604768995	0.0113680604768995	0.965895813424702
4	0.0113680604768995	0.597893530121252	0.379370343780351	0.0113680604768995
5	0.965895813424702	0.0113680604768995	0.0113680604768995	0.0113680604768995
6	0.603082770670403	0.0359046814182176	0.131204930574251	0.229807612361727
7	0.301563849153487	0.10922481151179	0.197022425598723	0.392188913915727




Gene	T25560_0.6
Motif	M053_0.6
Pos	A	C	G	U
1	0.130306105130034	0.0387472411984711	0.792199408067195	0.0387472411984711
2	0.883758271998758	0.0387472411984711	0.0387472411984711	0.0387472411984711
3	0.701439429612401	0.0387472411984711	0.221066083584827	0.0387472411984711
4	0.0155360548721029	0.0155360548721029	0.953391841865799	0.0155360548721029
5	0.0155360548721029	0.0155360548721029	0.953391841865799	0.0155360548721029
6	0.62637701860711	0.0632800870880896	0.0632800870880896	0.247062814819581
7	0.577821738594511	0.110334447925345	0.201509366191116	0.110334447925345




Gene	T37251_0.6
Motif	M054_0.6
Pos	A	C	G	U
1	0.194887459259023	0.11287264514794	0.579367260795829	0.11287264514794
2	0.020971104313817	0.669653480854894	0.020971104313817	0.28840431700041
3	0.020971104313817	0.0989011690249422	0.859156628830363	0.020971104313817
4	0.020971104313817	0.859156628830363	0.0989011690249422	0.020971104313817
5	0.020971104313817	0.0989011690249422	0.859156628830363	0.020971104313817
6	0.020971104313817	0.846311112655497	0.111746685199807	0.020971104313817
7	0.0666382930280382	0.157225475551184	0.61443434023537	0.161701901527663




Gene	T37272_0.6
Motif	M055_0.6
Pos	A	C	G	U
1	0.582687365632857	0.202666001401069	0.107323318360732	0.107323318360732
2	0.0117134313700685	0.108039792523197	0.0117134313700685	0.868533344794977
3	0.964859705948105	0.0117134313700685	0.0117134313700685	0.0117134313700685
4	0.0117134313700685	0.0117134313700685	0.0117134313700685	0.964859705948105
5	0.964859705948105	0.0117134313700685	0.0117134313700685	0.0117134313700685
6	0.1043516992496	0.105547837608604	0.217822710215122	0.572277752984984
7	0.52478391012339	0.356883889079257	0.0591660992812212	0.0591660992812212




Gene	T61784_0.6
Motif	M061_0.6
Pos	A	C	G	U
1	0.00613877521514197	0.00613877521514197	0.981583671321393	0.00613877521514197
2	0.00613877521514197	0.981583671321393	0.00613877521514197	0.00613877521514197
3	0.100156220736093	0.00613877521514197	0.272747551674364	0.620957449341219
4	0.00613877521514197	0.00613877521514197	0.981583671321393	0.00613877521514197
5	0.00613877521514197	0.00613877521514197	0.981583671321393	0.00613877521514197
6	0.38969380851719	0.368338726115165	0.105647410277269	0.136320057384331
7	0.189287969587	0.61030959582	0.100201216755256	0.100201216755256




Gene	T37174_0.6
Motif	M062_0.6
Pos	A	C	G	U
1	0.757020210373493	0.0809932638995346	0.0809932638995346	0.0809932638995346
2	0.327083213502225	0.123145388733561	0.516828233031373	0.0329431610349821
3	0.973795858185309	0.00873471488222294	0.00873471488222294	0.00873471488222294
4	0.973795858185309	0.00873471488222294	0.00873471488222294	0.00873471488222294
5	0.973795858185309	0.00873471488222294	0.00873471488222294	0.00873471488222294
6	0.772119715626907	0.120614436205739	0.0985311361171097	0.00873471488222294
7	0.687405478522006	0.203937122894097	0.00873471488222294	0.0999226865336534




Gene	T37219_0.6
Motif	M065_0.6
Pos	A	C	G	U
1	0.0830920804931059	0.0830920804931059	0.661491291224201	0.172324547975156
2	0.0372773532630052	0.0372773532630052	0.888167943149015	0.0372773532630052
3	0.546572640561007	0.0140739705939021	0.425279415406822	0.0140739705939021
4	0.5035299418691	0.110571994889856	0.0140739705939021	0.371824089802775
5	0.0140739705939021	0.0140739705939021	0.957778085373927	0.0140739705939021
6	0.0915673394697202	0.242353562714828	0.652005124377184	0.0140739705939021
7	0.690610207449128	0.232382661459849	0.0385035636805216	0.0385035636805216




Gene	T37211_0.6
Motif	M068_0.6
Pos	A	C	G	U
1	0.289450300008101	0.105282517644003	0.499984661806897	0.105282517644003
2	0.616181867785918	0.035201798246505	0.035201798246505	0.313414531801062
3	0.0116830266815328	0.0116830266815328	0.0116830266815328	0.964950925676011
4	0.0116830266815328	0.964950925676011	0.0116830266815328	0.0116830266815328
5	0.964950925676011	0.0116830266815328	0.0116830266815328	0.0116830266815328
6	0.964950925676011	0.0116830266815328	0.0116830266815328	0.0116830266815328
7	0.129134650451688	0.0358758509748428	0.799113642056098	0.0358758509748428




Gene	T37177_0.6
Motif	M069_0.6
Pos	A	C	G	U
1	0.264248555368382	0.0803544562859874	0.0803544562859874	0.575042528672807
2	0.192828348938255	0.0088111986316702	0.0088111986316702	0.789549256168819
3	0.0088111986316702	0.0088111986316702	0.973566406475404	0.0088111986316702
4	0.0088111986316702	0.973566406475404	0.0088111986316702	0.0088111986316702
5	0.973566406475404	0.0088111986316702	0.0088111986316702	0.0088111986316702
6	0.0088111986316702	0.973566406475404	0.0088111986316702	0.0088111986316702
7	0.626482796661044	0.0574420938189306	0.258633011442952	0.0574420938189306




Gene	T37299_0.6
Motif	M070_0.6
Pos	A	C	G	U
1	0.607397525564136	0.130867491829291	0.130867491829291	0.130867491829291
2	0.0164197322293056	0.0164197322293056	0.950740800258744	0.0164197322293056
3	0.0164197322293056	0.0164197322293056	0.950740800258744	0.0164197322293056
4	0.85971495944523	0.0164197322293056	0.0164197322293056	0.10744557304282
5	0.0164197322293056	0.0164197322293056	0.950740800258744	0.0164197322293056
6	0.582607237810568	0.0164197322293056	0.10519340290493	0.295779624001857
7	0.304847572188622	0.0164197322293056	0.389709578940544	0.289023113588187
8	0.320765806805383	0.135637619297764	0.407958947290758	0.135637619297764




Gene	T07243_0.6
Motif	M071_0.6
Pos	A	C	G	U
1	0.203253094215648	0.126506578204249	0.543733751829296	0.126506578204249
2	0.770738546819589	0.076420483561973	0.076420483561973	0.076420483561973
3	0.00852837899556795	0.97441485920865	0.00852837899556795	0.00852837899556795
4	0.00852837899556795	0.00852837899556795	0.97441485920865	0.00852837899556795
5	0.97441485920865	0.00852837899556795	0.00852837899556795	0.00852837899556795
6	0.00852837899556795	0.97441485920865	0.00852837899556795	0.00852837899556795
7	0.152686398834125	0.0571645056272888	0.732984592797132	0.0571645056272888
8	0.340376555938508	0.132144701693306	0.395334039051656	0.132144701693306




Gene	T37219_0.6
Motif	M072_0.6
Pos	A	C	G	U
1	0.884672315346734	0.0384425633893717	0.0384425633893717	0.0384425633893717
2	0.10058950956679	0.0150743579638745	0.68209638168666	0.202239755216509
3	0.101696819942551	0.0150743579638745	0.868154468563533	0.0150743579638745
4	0.782639316960617	0.0150743579638745	0.10058950956679	0.101696819942551
5	0.195200424970599	0.207539026300508	0.49643376280113	0.100826790361596
6	0.294161488279185	0.675689800226899	0.0150743579638745	0.0150743579638745
7	0.645465947259644	0.0861537456618248	0.182226566276379	0.0861537456618248




Gene	T37278_0.6
Motif	M073_0.6
Pos	A	C	G	U
1	0.199424614721753	0.575804567268075	0.112385411830917	0.112385411830917
2	0.213060514297798	0.112385411830917	0.56216866769203	0.112385411830917
3	0.866619154617786	0.0444602789390008	0.0444602789390008	0.0444602789390008
4	0.0217296766083052	0.0217296766083052	0.0217296766083052	0.934810973285192
5	0.934810973285192	0.0217296766083052	0.0217296766083052	0.0217296766083052
6	0.0676404753354623	0.707759806226912	0.0676404753354623	0.156959250407058
7	0.0903433244793605	0.0903433244793605	0.0903433244793605	0.7289700254379




Gene	T37236_0.6
Motif	M074_0.6
Pos	A	C	G	U
1	0.323700271419175	0.129601294234235	0.222720113745929	0.323978325180516
2	0.010278288780035	0.010278288780035	0.969165130453199	0.010278288780035
3	0.782535336692567	0.010278288780035	0.108149347573729	0.0990370237469724
4	0.969165130453199	0.010278288780035	0.010278288780035	0.010278288780035
5	0.010278288780035	0.010278288780035	0.010278288780035	0.969165130453199
6	0.010278288780035	0.010278288780035	0.969165130453199	0.010278288780035
7	0.63731459035423	0.058421634695811	0.148502516294399	0.155761259549747
8	0.310646439026569	0.130681477886001	0.334146647175505	0.2245254351749




Gene	T37226_0.6
Motif	M075_0.6
Pos	A	C	G	U
1	0.150245179456345	0.0619631097230269	0.0619631097230269	0.725828602003303
2	0.0148012128291407	0.0148012128291407	0.0148012128291407	0.955596358807824
3	0.0148012128291407	0.0148012128291407	0.0148012128291407	0.955596358807824
4	0.0148012128291407	0.0148012128291407	0.0148012128291407	0.955596358807824
5	0.0148012128291407	0.0148012128291407	0.0148012128291407	0.955596358807824
6	0.0148012128291407	0.206828780607553	0.204773290079973	0.573596713778579
7	0.0842994180014102	0.0842994180014102	0.566466532420563	0.264934626698853




Gene	T37168_0.6
Motif	M077_0.6
Pos	A	C	G	U
1	0.134653715333477	0.130355700786008	0.0534142563094468	0.681576325475596
2	0.00575932442110899	0.00575932442110899	0.00575932442110899	0.982722029586617
3	0.00575932442110899	0.00575932442110899	0.00575932442110899	0.982722029586617
4	0.00575932442110899	0.00575932442110899	0.00575932442110899	0.982722029586617
5	0.00575932442110899	0.0980410203842298	0.00575932442110899	0.890440333623496
6	0.00575932442110899	0.327792013557418	0.00575932442110899	0.660689340450305
7	0.0529684847636527	0.717499156470496	0.0529684847636527	0.176563873547152




Gene	T16855_0.6
Motif	M081_0.6
Pos	A	C	G	U
1	0.97986256700864	0.00671247789631372	0.00671247789631372	0.00671247789631372
2	0.829912227345672	0.156662817559278	0.00671247789631372	0.00671247789631372
3	0.00671247789631372	0.97986256700864	0.00671247789631372	0.00671247789631372
4	0.97986256700864	0.00671247789631372	0.00671247789631372	0.00671247789631372
5	0.0772643138116462	0.133262691177024	0.00671247789631372	0.782760517812594
6	0.00671247789631372	0.97986256700864	0.00671247789631372	0.00671247789631372
7	0.492456365143676	0.153979898203796	0.171614806337828	0.181948931706103




Gene	T16852_0.6
Motif	M082_0.6
Pos	A	C	G	U
1	0.881092803283992	0.00966555329802597	0.099576091066395	0.00966555329802597
2	0.881092803283992	0.00966555329802597	0.099576091066395	0.00966555329802597
3	0.00966555329802597	0.881092803283992	0.099576091066395	0.00966555329802597
4	0.971003341052362	0.00966555329802597	0.00966555329802597	0.00966555329802597
5	0.497567600100071	0.00966555329802597	0.099576091066395	0.393190756481947
6	0.00966555329802597	0.971003341052362	0.00966555329802597	0.00966555329802597
7	0.328968086348239	0.105498416396872	0.271539616724664	0.293993876174639




Gene	T02643_0.6
Motif	M083_0.6
Pos	A	C	G	U
1	0.0992135281373629	0.27347099480322	0.528101949686059	0.0992135281373629
2	0.135667375608708	0.572736649256284	0.237931945223168	0.0536640282546863
3	0.82128227785838	0.118722133426168	0.0299977930623292	0.0299977930623292
4	0.00587389698273713	0.00587389698273713	0.982378308905217	0.00587389698273713
5	0.00587389698273713	0.982378308905217	0.00587389698273713	0.00587389698273713
6	0.0306711405156993	0.0306711405156993	0.907986581424143	0.0306711405156993
7	0.21688422060437	0.564326912258773	0.109394432391795	0.109394432391795




Gene	T07244_0.6
Motif	M085_0.6
Pos	A	C	G	U
1	0.12362654152578	0.12362654152578	0.629120372019251	0.12362654152578
2	0.63622367622182	0.031995773301613	0.213909974746687	0.117870572332418
3	0.492981204434788	0.302090611776618	0.00803581427420333	0.196892370229056
4	0.00803581427420333	0.00803581427420333	0.00803581427420333	0.975892557892055
5	0.00803581427420333	0.00803581427420333	0.00803581427420333	0.975892557892055
6	0.975892557892055	0.00803581427420333	0.00803581427420333	0.00803581427420333
7	0.975892557892055	0.00803581427420333	0.00803581427420333	0.00803581427420333
8	0.134900949907436	0.134900949907436	0.414188879296682	0.316009217694507




Gene	T37341_0.6
Motif	M086_0.6
Pos	A	C	G	U
1	0.883916226490539	0.0978114800049842	0.00913614513548602	0.00913614513548602
2	0.285324025457105	0.00913614513548602	0.696403681038419	0.00913614513548602
3	0.890193241996951	0.00913614513548602	0.0915344644985725	0.00913614513548602
4	0.100490693940648	0.00913614513548602	0.881237012554875	0.00913614513548602
5	0.696403681038419	0.00913614513548602	0.285324025457105	0.00913614513548602
6	0.300576407647989	0.116336330645858	0.573951113337162	0.00913614513548602
7	0.326935059626775	0.145171417722364	0.494835977834618	0.0330575405590697




Gene	T37341_0.6
Motif	M087_0.6
Pos	A	C	G	U
1	0.90276845135899	0.0324105164148585	0.0324105164148585	0.0324105164148585
2	0.180600033310772	0.00802618984271389	0.803347585638674	0.00802618984271389
3	0.975921429106732	0.00802618984271389	0.00802618984271389	0.00802618984271389
4	0.0966873700510825	0.00802618984271389	0.887260248898367	0.00802618984271389
5	0.88265139421288	0.00802618984271389	0.101296224736565	0.00802618984271389
6	0.507476320689529	0.102832509631726	0.381664978470906	0.00802618984271389
7	0.514301045545382	0.141181048675074	0.312848105256227	0.0316698017686902




Gene	T37341_0.6
Motif	M088_0.6
Pos	A	C	G	U
1	0.907615942809972	0.0307946867034003	0.0307946867034003	0.0307946867034003
2	0.00680539940661136	0.00680539940661136	0.979583800478626	0.00680539940661136
3	0.979583800478626	0.00680539940661136	0.00680539940661136	0.00680539940661136
4	0.0812995256756354	0.00680539940661136	0.905089674209599	0.00680539940661136
5	0.979583800478626	0.00680539940661136	0.00680539940661136	0.00680539940661136
6	0.531303420531282	0.285003653646033	0.176887525114532	0.00680539940661136
7	0.520756483946346	0.219657975133003	0.17321649193856	0.0863690476805494




Gene	T37210_0.6
Motif	M089_0.6
Pos	A	C	G	U
1	0.941251689404914	0.0195827683623066	0.0195827683623066	0.0195827683623066
2	0.0195827683623066	0.941251689404914	0.0195827683623066	0.0195827683623066
3	0.941251689404914	0.0195827683623066	0.0195827683623066	0.0195827683623066
4	0.112324900353683	0.848509557413538	0.0195827683623066	0.0195827683623066
5	0.477098537227176	0.112324900353683	0.390993788548669	0.0195827683623066
6	0.763400416231963	0.107125616758601	0.109891193138963	0.0195827683623066
7	0.36142408371539	0.270885602322978	0.277204641472513	0.0904856794470277




Gene	T37259_0.6
Motif	M102_0.6
Pos	A	C	G	U
1	0.0330064741348171	0.0330064741348171	0.900980581181854	0.0330064741348171
2	0.263594053569917	0.00945149550162688	0.717502956598235	0.00945149550162688
3	0.890570775745253	0.00945149550162688	0.00945149550162688	0.0905262344228984
4	0.00945149550162688	0.103967999019798	0.762919910171658	0.123660596478323
5	0.00945149550162688	0.00945149550162688	0.971645514666528	0.00945149550162688
6	0.762919910171658	0.00945149550162688	0.218177099996493	0.00945149550162688
7	0.293264286431909	0.373622512763058	0.172299786514308	0.160813417021854




Gene	T37259_0.6
Motif	M103_0.6
Pos	A	C	G	U
1	0.00965532451511902	0.00965532451511902	0.971034031170204	0.00965532451511902
2	0.186153135273642	0.00965532451511902	0.794536220411681	0.00965532451511902
3	0.971034031170204	0.00965532451511902	0.00965532451511902	0.00965532451511902
4	0.00965532451511902	0.106559739752812	0.763391151979633	0.120393788467996
5	0.00965532451511902	0.00965532451511902	0.971034031170204	0.00965532451511902
6	0.763391151979633	0.00965532451511902	0.217298203705689	0.00965532451511902
7	0.312983970753302	0.308198301974468	0.192780278674256	0.186037445632929




Gene	T37259_0.6
Motif	M104_0.6
Pos	A	C	G	U
1	0.0328371276042897	0.0328371276042897	0.901488620102929	0.0328371276042897
2	0.00925910296903044	0.00925910296903044	0.972222694531267	0.00925910296903044
3	0.972222694531267	0.00925910296903044	0.00925910296903044	0.00925910296903044
4	0.00925910296903044	0.197243057618107	0.686305926944115	0.107191915907109
5	0.00925910296903044	0.00925910296903044	0.972222694531267	0.00925910296903044
6	0.590513369503245	0.00925910296903044	0.390968427997055	0.00925910296903044
7	0.360908628119485	0.190569154572861	0.367942102370767	0.0805801124217138




Gene	T37259_0.6
Motif	M105_0.6
Pos	A	C	G	U
1	0.0322045160464388	0.0322045160464388	0.903386454402843	0.0322045160464388
2	0.00863687553219887	0.00863687553219887	0.974089375176424	0.00863687553219887
3	0.974089375176424	0.00863687553219887	0.00863687553219887	0.00863687553219887
4	0.00863687553219887	0.193047176377405	0.689072028916931	0.109243920946485
5	0.00863687553219887	0.00863687553219887	0.974089375176424	0.00863687553219887
6	0.591164699843775	0.00863687553219887	0.391561550864848	0.00863687553219887
7	0.365814774758368	0.271332870453425	0.282574184832671	0.0802781663642895




Gene	T37259_0.6
Motif	M106_0.6
Pos	A	C	G	U
1	0.328310090142541	0.407810043482976	0.131939932564949	0.131939932564949
2	0.897566337024074	0.034144555969364	0.034144555969364	0.034144555969364
3	0.0101575478330609	0.0101575478330609	0.969527360979772	0.0101575478330609
4	0.0101575478330609	0.0101575478330609	0.969527360979772	0.0101575478330609
5	0.969527360979772	0.0101575478330609	0.0101575478330609	0.0101575478330609
6	0.0576934479119749	0.630209308284194	0.165632566258594	0.14646467730971
7	0.649822554246116	0.188223937559225	0.0809767527389904	0.0809767527389904
8	0.339070646505922	0.313697725478643	0.218962235940942	0.128269392101506




Gene	T37170_0.6
Motif	M108_0.6
Pos	A	C	G	U
1	0.0583238512200205	0.0583238512200205	0.0583238512200205	0.825028447265984
2	0.0583238512200205	0.0583238512200205	0.0583238512200205	0.825028447265984
3	0.228364370626413	0.0110649115400709	0.0984863164676124	0.662084404145672
4	0.116566170466092	0.0110649115400709	0.769064490179748	0.103304430593856
5	0.0110649115400709	0.0110649115400709	0.19597328654998	0.781896893149646
6	0.0110649115400709	0.0110649115400709	0.0110649115400709	0.966805268159555
7	0.057875129204755	0.057875129204755	0.057875129204755	0.826374606955291




Gene	T37369_0.6
Motif	M109_0.6
Pos	A	C	G	U
1	0.0300227815336647	0.114467186132461	0.747741686794613	0.107768346287522
2	0.00551644019436317	0.81848526323613	0.17048185782414	0.00551644019436317
3	0.00551644019436317	0.00551644019436317	0.983450680865908	0.00551644019436317
4	0.00551644019436317	0.892973140112296	0.095993980947977	0.00551644019436317
5	0.00551644019436317	0.095993980947977	0.892973140112296	0.00551644019436317
6	0.00551644019436317	0.306348197099141	0.604919930841029	0.0832154333144664
7	0.0791479336941687	0.0791479336941687	0.762556200279509	0.0791479336941687




Gene	T16855_0.6
Motif	M111_0.6
Pos	A	C	G	U
1	0.906348608959452	0.0312171297914893	0.0312171297914893	0.0312171297914893
2	0.753416547466716	0.231325744070362	0.00762885242361852	0.00762885242361852
3	0.00762885242361852	0.977113439113457	0.00762885242361852	0.00762885242361852
4	0.977113439113457	0.00762885242361852	0.00762885242361852	0.00762885242361852
5	0.00762885242361852	0.192342019516062	0.00762885242361852	0.792400272021014
6	0.00762885242361852	0.977113439113457	0.00762885242361852	0.00762885242361852
7	0.546032838368432	0.0581726967114643	0.230545965203325	0.165248499377502




Gene	T37170_0.6
Motif	M112_0.6
Pos	A	C	G	U
1	0.033203620572392	0.033203620572392	0.033203620572392	0.900389136949995
2	0.033203620572392	0.033203620572392	0.033203620572392	0.900389136949995
3	0.140105128459466	0.00926461540793371	0.0970933467063144	0.753536912824891
4	0.189910368782207	0.0991473487911722	0.613029783525547	0.0979125022996803
5	0.00926461540793371	0.00926461540793371	0.292887365456413	0.688583407126326
6	0.00926461540793371	0.0979125022996803	0.00926461540793371	0.883558270283059
7	0.0573620387217748	0.0573620387217748	0.1459332565241	0.739342663785825




Gene	T37170_0.6
Motif	M127_0.6
Pos	A	C	G	U
1	0.210756228408445	0.032594193445185	0.032594193445185	0.724055382101676
2	0.00857090268532809	0.00857090268532809	0.00857090268532809	0.97428729432617
3	0.132946422892316	0.00857090268532809	0.584140589138782	0.274342087665729
4	0.293662851838266	0.00857090268532809	0.596293650126067	0.101472597732494
5	0.00857090268532809	0.00857090268532809	0.100992081317841	0.881866115693661
6	0.00857090268532809	0.00857090268532809	0.00857090268532809	0.97428729432617
7	0.0326143621990149	0.0326143621990149	0.0326143621990149	0.902156914244607




Gene	T37235_0.6
Motif	M140_0.6
Pos	A	C	G	U
1	0.343505630007997	0.43793822555621	0.066672841334629	0.151883307423822
2	0.584888576436	0.145253214253333	0.226538599737026	0.0433196042887447
3	0.0195968961573603	0.11992478349319	0.660548608914677	0.199929710226291
4	0.941209310319437	0.0195968961573603	0.0195968961573603	0.0195968961573603
5	0.0195968961573603	0.853150122702307	0.0195968961573603	0.107656083774492
6	0.84912299226029	0.0195968961573603	0.111683214216507	0.0195968961573603
7	0.0653433824274698	0.0653433824274698	0.803969854520466	0.0653433824274698




Gene	T37205_0.6
Motif	M141_0.6
Pos	A	C	G	U
1	0.0851134560325405	0.0851134560325405	0.0851134560325405	0.744659628992954
2	0.0372940434704776	0.0372940434704776	0.888117869425434	0.0372940434704776
3	0.0128793620934383	0.0128793620934383	0.96136190992779	0.0128793620934383
4	0.0128793620934383	0.0128793620934383	0.96136190992779	0.0128793620934383
5	0.219484641829392	0.0367433908141144	0.707028582788509	0.0367433908141144
6	0.716460514185767	0.0367433908141144	0.210052710432134	0.0367433908141144
7	0.206192530246528	0.107354887026205	0.197175158881096	0.489277417765494




Gene	T37245_0.6
Motif	M142_0.6
Pos	A	C	G	U
1	0.762509870175323	0.0791633768215905	0.0791633768215905	0.0791633768215905
2	0.974051961825069	0.00864934515937539	0.00864934515937539	0.00864934515937539
3	0.00864934515937539	0.974051961825069	0.00864934515937539	0.00864934515937539
4	0.00864934515937539	0.00864934515937539	0.00864934515937539	0.974051961825069
5	0.974051961825069	0.00864934515937539	0.00864934515937539	0.00864934515937539
6	0.521991671568225	0.317983267747242	0.0325968476589352	0.127428216292518
7	0.104219040959224	0.104219040959224	0.687342879365605	0.104219040959224




Gene	T37287_0.6
Motif	M143_0.6
Pos	A	C	G	U
1	0.107772921908759	0.107772921908759	0.193821329216257	0.590632822278716
2	0.962900946691919	0.0123663508181126	0.0123663508181126	0.0123663508181126
3	0.0123663508181126	0.0123663508181126	0.0123663508181126	0.962900946691919
4	0.962900946691919	0.0123663508181126	0.0123663508181126	0.0123663508181126
5	0.103668114592932	0.109818435597131	0.127039334408889	0.659474114547305
6	0.756926199326323	0.218341098183708	0.0123663508181126	0.0123663508181126
7	0.0123663508181126	0.589474826250666	0.385792471259364	0.0123663508181126




Gene	T37281_0.6
Motif	M144_0.6
Pos	A	C	G	U
1	0.26422234159299	0.0828188627958468	0.570139930426155	0.0828188627958468
2	0.964958655249023	0.0116804468490435	0.0116804468490435	0.0116804468490435
3	0.964958655249023	0.0116804468490435	0.0116804468490435	0.0116804468490435
4	0.964958655249023	0.0116804468490435	0.0116804468490435	0.0116804468490435
5	0.964958655249023	0.0116804468490435	0.0116804468490435	0.0116804468490435
6	0.0952002235506147	0.800606449822212	0.0116804468490435	0.092512875574283
7	0.329572513135161	0.549633695541081	0.06039689710485	0.06039689710485




Gene	T25560_0.6
Motif	M145_0.6
Pos	A	C	G	U
1	0.0634475298679768	0.270051416875072	0.603053516487808	0.0634475298679768
2	0.878566052954076	0.0404779808168179	0.0404779808168179	0.0404779808168179
3	0.668123496966648	0.106939882795166	0.118834373937212	0.106102242573895
4	0.0173461894732255	0.196701104161361	0.768606513165109	0.0173461894732255
5	0.0173461894732255	0.10710741083942	0.85820020648705	0.0173461894732255
6	0.700285216186242	0.0404577148205863	0.218799362515376	0.0404577148205863
7	0.151742262229696	0.0632265887291975	0.721804557557504	0.0632265887291975




Gene	T37171_0.6
Motif	M146_0.6
Pos	A	C	G	U
1	0.757581138093524	0.0808062882916104	0.0808062882916104	0.0808062882916104
2	0.326151017023304	0.123042401487181	0.518076580241003	0.032730004207642
3	0.974428180192358	0.00852393919768473	0.00852393919768473	0.00852393919768473
4	0.974428180192358	0.00852393919768473	0.00852393919768473	0.00852393919768473
5	0.974428180192358	0.00852393919768473	0.00852393919768473	0.00852393919768473
6	0.772857397359491	0.119943631515674	0.098675029712564	0.00852393919768473
7	0.6872890442497	0.203573134184849	0.00852393919768473	0.10061388015318




Gene	T37180_0.6
Motif	M147_0.6
Pos	A	C	G	U
1	0.0289260721554996	0.168882979546732	0.773264876772799	0.0289260721554996
2	0.984561125294953	0.00514629085692418	0.00514629085692418	0.00514629085692418
3	0.00514629085692418	0.914510454247717	0.075196961904161	0.00514629085692418
4	0.984561125294953	0.00514629085692418	0.00514629085692418	0.00514629085692418
5	0.00514629085692418	0.184167701849805	0.805539714302068	0.00514629085692418
6	0.984561125294953	0.00514629085692418	0.00514629085692418	0.00514629085692418
7	0.301008210512597	0.184126594839406	0.209704356603704	0.305160835363742




Gene	T37199_0.6
Motif	M148_0.6
Pos	A	C	G	U
1	0.974659063714268	0.00844697756161774	0.00844697756161774	0.00844697756161774
2	0.283085945567195	0.00844697756161774	0.70002009570869	0.00844697756161774
3	0.974659063714268	0.00844697756161774	0.00844697756161774	0.00844697756161774
4	0.974659063714268	0.00844697756161774	0.00844697756161774	0.00844697756161774
5	0.193759322124929	0.0955764367951483	0.702217259917426	0.00844697756161774
6	0.974659063714268	0.00844697756161774	0.00844697756161774	0.00844697756161774
7	0.224875901129375	0.312169586293529	0.225891494291442	0.23706301907418




Gene	T37222_0.6
Motif	M149_0.6
Pos	A	C	G	U
1	0.169792511215775	0.45246912127402	0.164509463052899	0.213228903790404
2	0.0969297458225215	0.0919880574446695	0.00658218974642937	0.804500007214712
3	0.00658218974642937	0.00658218974642937	0.00658218974642937	0.980253430989041
4	0.00658218974642937	0.00658218974642937	0.00658218974642937	0.980253430989041
5	0.00658218974642937	0.00658218974642937	0.00658218974642937	0.980253430989041
6	0.00658218974642937	0.00658218974642937	0.0905657264724462	0.896269894263026
7	0.0305356185277595	0.0305356185277595	0.0305356185277595	0.908393145775856




Gene	T37244_0.6
Motif	M150_0.6
Pos	A	C	G	U
1	0.120423343332728	0.0303640190993599	0.0303640190993599	0.818848617321133
2	0.00604678406505991	0.00604678406505991	0.00604678406505991	0.981859645996802
3	0.00604678406505991	0.00604678406505991	0.00604678406505991	0.981859645996802
4	0.00604678406505991	0.00604678406505991	0.00604678406505991	0.981859645996802
5	0.00604678406505991	0.00604678406505991	0.00604678406505991	0.981859645996802
6	0.00604678406505991	0.093329554441326	0.0951580423584172	0.805465617327178
7	0.0784562340543257	0.174053246759709	0.551652053306899	0.195838467666167




Gene	T37246_0.6
Motif	M151_0.6
Pos	A	C	G	U
1	0.0557478958883364	0.120904894178528	0.76759931390158	0.0557478958883364
2	0.0294872868826102	0.0917731362911218	0.849252289881937	0.0294872868826102
3	0.0991002611617576	0.0697193123163769	0.825350865254305	0.00582956040783162
4	0.760796001052865	0.0697193123163769	0.0703844246092701	0.0991002611617576
5	0.00582956040783162	0.0697193123163769	0.812195562809978	0.112255563606083
6	0.00582956040783162	0.0697193123163769	0.918621566008226	0.00582956040783162
7	0.136873671758162	0.136239870741706	0.651528619828318	0.0753578360335201




Gene	T18793_0.6
Motif	M152_0.6
Pos	A	C	G	U
1	0.59461678301494	0.135127740080643	0.135127740080643	0.135127740080643
2	0.883468603472907	0.0388437981172282	0.0388437981172282	0.0388437981172282
3	0.0156043133130774	0.377852649233234	0.0156043133130774	0.590938720590541
4	0.0156043133130774	0.0156043133130774	0.953187056510698	0.0156043133130774
5	0.862000244280145	0.0156043133130774	0.10679112554363	0.0156043133130774
6	0.10679112554363	0.862000244280145	0.0156043133130774	0.0156043133130774
7	0.586908215748519	0.0156043133130774	0.381883154075256	0.0156043133130774
8	0.608334201725063	0.130555267829521	0.130555267829521	0.130555267829521




Gene	T06788_0.6
Motif	M153_0.6
Pos	A	C	G	U
1	0.11211003547745	0.575849583428707	0.11211003547745	0.199930349464268
2	0.0617894991665358	0.146185409259166	0.730235588185672	0.0617894991665358
3	0.0950240254370463	0.0998166033265825	0.790095736460392	0.0150636395841056
4	0.870056122313332	0.0998166033265825	0.0150636395841056	0.0150636395841056
5	0.0150636395841056	0.0998166033265825	0.870056122313332	0.0150636395841056
6	0.0150636395841056	0.0998166033265825	0.870056122313332	0.0150636395841056
7	0.444436635457197	0.144544113022402	0.349923495128337	0.0610957577530284




Gene	T37259_0.6
Motif	M154_0.6
Pos	A	C	G	U
1	0.0839260428943198	0.0839260428943198	0.748221868906303	0.0839260428943198
2	0.0320012876579039	0.0320012876579039	0.903996138860931	0.0320012876579039
3	0.682892651008082	0.00856970229059915	0.29996794629357	0.00856970229059915
4	0.10141816961188	0.00856970229059915	0.881442427689769	0.00856970229059915
5	0.0796785053628415	0.0792378364929286	0.832513957736482	0.00856970229059915
6	0.832374390592383	0.102826922955015	0.0323993435304212	0.0323993435304212
7	0.200980990252196	0.221259632449877	0.520674697139927	0.0570846760890824




Gene	T37173_0.6
Motif	M155_0.6
Pos	A	C	G	U
1	0.0907682404906852	0.180151857140958	0.1781816578809	0.550898248191849
2	0.0199239224943476	0.0199239224943476	0.854568986608572	0.105583168147867
3	0.0199239224943476	0.0199239224943476	0.0199239224943476	0.94022823226209
4	0.0199239224943476	0.0199239224943476	0.129432524972886	0.830719629783553
5	0.0199239224943476	0.572492640798828	0.38765951395761	0.0199239224943476
6	0.0199239224943476	0.0199239224943476	0.656334792599012	0.303817362157426
7	0.066065187365222	0.066065187365222	0.152229535786847	0.715640095358957




Gene	T37226_0.6
Motif	M156_0.6
Pos	A	C	G	U
1	0.217648333949277	0.125438051273838	0.0343102638228309	0.622603347883168
2	0.0101956190607588	0.0101956190607588	0.0101956190607588	0.969413144078479
3	0.0992463255303413	0.0101956190607588	0.0101956190607588	0.880362437608896
4	0.0101956190607588	0.0101956190607588	0.0101956190607588	0.969413144078479
5	0.0101956190607588	0.0101956190607588	0.0101956190607588	0.969413144078479
6	0.0101956190607588	0.0101956190607588	0.106243551038915	0.873365212100323
7	0.0821831264589834	0.471503209895933	0.184046685791947	0.262266981185982




Gene	T37298_0.6
Motif	M157_0.6
Pos	A	C	G	U
1	0.0839638134106351	0.0839638134106351	0.0839638134106351	0.748108561015905
2	0.0101230245094823	0.0101230245094823	0.880222034440169	0.099531919453341
3	0.0101230245094823	0.0101230245094823	0.0101230245094823	0.969630929384028
4	0.0101230245094823	0.0101230245094823	0.772610843868289	0.207143110025222
5	0.0101230245094823	0.0101230245094823	0.096110077977577	0.883643875915934
6	0.0101230245094823	0.0101230245094823	0.734305229570154	0.245448724323356
7	0.0571670668800106	0.0571670668800106	0.228839419569028	0.656826444156097




Gene	T37324_0.6
Motif	M158_0.6
Pos	A	C	G	U
1	0.539994101908106	0.1802351520845	0.0797502721051169	0.200020472182598
2	0.00531105731434936	0.00531105731434936	0.00531105731434936	0.984066826153735
3	0.00531105731434936	0.00531105731434936	0.00531105731434936	0.984066826153735
4	0.00531105731434936	0.00531105731434936	0.00531105731434936	0.984066826153735
5	0.00531105731434936	0.00531105731434936	0.00531105731434936	0.984066826153735
6	0.00531105731434936	0.00531105731434936	0.00531105731434936	0.984066826153735
7	0.0532406055196184	0.131116830321795	0.255009599024897	0.560632966996189




Gene	T37178_0.6
Motif	M159_0.6
Pos	A	C	G	U
1	0.312096560381765	0.0517475986102623	0.0517475986102623	0.584408242979162
2	0.004218445786123	0.004218445786123	0.98734466264412	0.004218445786123
3	0.004218445786123	0.98734466264412	0.004218445786123	0.004218445786123
4	0.98734466264412	0.004218445786123	0.004218445786123	0.004218445786123
5	0.004218445786123	0.004218445786123	0.004218445786123	0.98734466264412
6	0.004218445786123	0.004218445786123	0.98734466264412	0.004218445786123
7	0.313687816216559	0.481444869244603	0.102433657159761	0.102433657159761




Gene	T18797_0.6
Motif	M160_0.6
Pos	A	C	G	U
1	0.798664692158047	0.0339552528238548	0.0339552528238548	0.133424804590437
2	0.00974615106707635	0.00974615106707635	0.00974615106707635	0.970761549092077
3	0.884217686096699	0.00974615106707635	0.00974615106707635	0.0962900140624551
4	0.970761549092077	0.00974615106707635	0.00974615106707635	0.00974615106707635
5	0.878450315964202	0.00974615106707635	0.00974615106707635	0.102057384194952
6	0.899438906606131	0.033520364762217	0.033520364762217	0.033520364762217
7	0.286278996544742	0.195872427396893	0.413269602673414	0.104578972504055




Gene	T37162_0.6
Motif	M161_0.6
Pos	A	C	G	U
1	0.457687607024785	0.278486995143315	0.0863405493602015	0.177484853839664
2	0.860464297674414	0.0159858130385311	0.0159858130385311	0.107564075508787
3	0.0159858130385311	0.0159858130385311	0.0159858130385311	0.95204256014467
4	0.0159858130385311	0.95204256014467	0.0159858130385311	0.0159858130385311
5	0.0159858130385311	0.95204256014467	0.0159858130385311	0.0159858130385311
6	0.95204256014467	0.0159858130385311	0.0159858130385311	0.0159858130385311
7	0.278215475391954	0.086146150080073	0.54949222127343	0.086146150080073




Gene	T37319_0.6
Motif	M162_0.6
Pos	A	C	G	U
1	0.754943533590485	0.0816854907601892	0.0816854907601892	0.0816854907601892
2	0.201445824088658	0.0365941808673872	0.72536581120475	0.0365941808673872
3	0.960027197747161	0.0133242685669419	0.0133242685669419	0.0133242685669419
4	0.960027197747161	0.0133242685669419	0.0133242685669419	0.0133242685669419
5	0.960027197747161	0.0133242685669419	0.0133242685669419	0.0133242685669419
6	0.463978197155205	0.111675242998777	0.196267479390882	0.228079083903123
7	0.111061796079808	0.18049313004597	0.0133242685669419	0.695120808755268




Gene	T22210_0.6
Motif	M163_0.6
Pos	A	C	G	U
1	0.71339123964659	0.161112421195536	0.0627481663279934	0.0627481663279934
2	0.396294530223585	0.487741564026364	0.0155883576168768	0.10037555329662
3	0.784814912894653	0.0992211813552945	0.0155883576168768	0.10037555329662
4	0.38750354390118	0.298010062614492	0.0155883576168768	0.298898041030897
5	0.575991875530085	0.109521730985588	0.0155883576168768	0.298898041030897
6	0.199370403638837	0.769452886290855	0.0155883576168768	0.0155883576168768
7	0.863386259659566	0.105437030270127	0.0155883576168768	0.0155883576168768




Gene	T37272_0.6
Motif	M164_0.6
Pos	A	C	G	U
1	0.173860000933686	0.173712287392434	0.0834283668792878	0.568999340182762
2	0.894004101993321	0.0353319651230926	0.0353319651230926	0.0353319651230926
3	0.0111466082281208	0.0111466082281208	0.0111466082281208	0.966560174355864
4	0.966560174355864	0.0111466082281208	0.0111466082281208	0.0111466082281208
5	0.107702475865125	0.0111466082281208	0.0111466082281208	0.87000430671886
6	0.798881380268098	0.0349393361289021	0.0349393361289021	0.131239946479399
7	0.148494989396707	0.246917016009089	0.365980362332842	0.238607636950315




Gene	T37256_0.6
Motif	M167_0.6
Pos	A	C	G	U
1	0.0345599217136254	0.0345599217136254	0.0345599217136254	0.896320230826985
2	0.966920599644187	0.0110264664414731	0.0110264664414731	0.0110264664414731
3	0.0110264664414731	0.0110264664414731	0.966920599644187	0.0110264664414731
4	0.110708273625208	0.100671958864918	0.202113005130197	0.586506761348283
5	0.361518820358638	0.0110264664414731	0.100974778706823	0.526479933461672
6	0.56358453575312	0.0577262188138635	0.320963025342606	0.0577262188138635
7	0.102479925693738	0.102479925693738	0.69256022136361	0.102479925693738




Gene	T37228_0.6
Motif	M168_0.6
Pos	A	C	G	U
1	0.088446272006591	0.088446272006591	0.64373128728228	0.179376168620637
2	0.0426864246498578	0.0426864246498578	0.134522257838897	0.780104887898506
3	0.483217102884452	0.0191687652790634	0.390884609854576	0.106729513396931
4	0.193813087023597	0.0191687652790634	0.680606742042899	0.106411397069464
5	0.121680980787894	0.0191687652790634	0.106729513396931	0.752420731951134
6	0.0419317486496899	0.0419317486496899	0.591886975063281	0.324249525895581
7	0.0872249858436252	0.0872249858436252	0.26202317651027	0.563526860920609




Gene	T37271_0.6
Motif	M169_0.6
Pos	A	C	G	U
1	0.646437224542651	0.0572514445956073	0.239059885156503	0.0572514445956073
2	0.0100372821798102	0.969888148589857	0.0100372821798102	0.0100372821798102
3	0.969888148589857	0.0100372821798102	0.0100372821798102	0.0100372821798102
4	0.185489095946425	0.520360028278535	0.0924052250478029	0.201745645856526
5	0.759426910859541	0.0100372821798102	0.220498519910126	0.0100372821798102
6	0.0100372821798102	0.969888148589857	0.0100372821798102	0.0100372821798102
7	0.969888148589857	0.0100372821798102	0.0100372821798102	0.0100372821798102




Gene	T37221_0.6
Motif	M175_0.6
Pos	A	C	G	U
1	0.47180393842836	0.0812586920384489	0.0812586920384489	0.365678677404633
2	0.009062811327394	0.009062811327394	0.972811566173626	0.009062811327394
3	0.292600891493123	0.009062811327394	0.009062811327394	0.689273486007894
4	0.009062811327394	0.009062811327394	0.972811566173626	0.009062811327394
5	0.009062811327394	0.009062811327394	0.009062811327394	0.972811566173626
6	0.009062811327394	0.009062811327394	0.972811566173626	0.009062811327394
7	0.535514698500703	0.0573267983817584	0.157537103319216	0.249621402755809




Gene	T18791_0.6
Motif	M176_0.6
Pos	A	C	G	U
1	0.357306105607024	0.0824050576287644	0.477883780986725	0.0824050576287644
2	0.868569443131593	0.108170637144196	0.0116299572300182	0.0116299572300182
3	0.0116299572300182	0.102158838231892	0.0116299572300182	0.874581242043898
4	0.784052361042024	0.0116299572300182	0.0116299572300182	0.192687719233765
5	0.965110123045771	0.0116299572300182	0.0116299572300182	0.0116299572300182
6	0.87496910003824	0.0116299572300182	0.0116299572300182	0.101770980237549
7	0.516879064824388	0.318808278611882	0.0362016621914547	0.128110990255524




Gene	T18807_0.6
Motif	M177_0.6
Pos	A	C	G	U
1	0.0607771303349761	0.817668603528926	0.0607771303349761	0.0607771303349761
2	0.102003277503341	0.868662521229795	0.014667100382603	0.014667100382603
3	0.291028483512214	0.110004579925396	0.014667100382603	0.584299835678128
4	0.373745352018156	0.014667100382603	0.014667100382603	0.596920446714979
5	0.38479869763213	0.19156662127764	0.014667100382603	0.408967580205969
6	0.014667100382603	0.955998698350532	0.014667100382603	0.014667100382603
7	0.014667100382603	0.955998698350532	0.014667100382603	0.014667100382603




Gene	T37269_0.6
Motif	M178_0.6
Pos	A	C	G	U
1	0.0603265341719456	0.0603265341719456	0.0603265341719456	0.819020397058174
2	0.0130412745122818	0.0130412745122818	0.960876174794284	0.0130412745122818
3	0.0130412745122818	0.0130412745122818	0.0130412745122818	0.960876174794284
4	0.0130412745122818	0.0130412745122818	0.858392416876179	0.115525032430386
5	0.202543478392952	0.0130412745122818	0.400628525557848	0.383786719868048
6	0.0130412745122818	0.0130412745122818	0.478254426039564	0.495663023267001
7	0.0602729456470117	0.0602729456470117	0.73174716908235	0.147706944715558




Gene	T37164_0.6
Motif	M227_0.6
Pos	A	C	G	U
1	0.242167906483945	0.538757814116453	0.0620047828924924	0.157069502776823
2	0.0386394043101561	0.218875523399963	0.0386394043101561	0.703845667851465
3	0.0153006866458545	0.0153006866458545	0.0153006866458545	0.954097937591383
4	0.0153006866458545	0.0153006866458545	0.0153006866458545	0.954097937591383
5	0.0153006866458545	0.109172440256752	0.0153006866458545	0.860226183980486
6	0.0153006866458545	0.675671270220875	0.0153006866458545	0.293727354016363
7	0.0620811983914765	0.158058184743783	0.0620811983914765	0.717779421142082




Gene	T37164_0.6
Motif	M228_0.6
Pos	A	C	G	U
1	0.482936162034527	0.211619116050725	0.108073003339822	0.197371726256809
2	0.0156051531711325	0.670411914976443	0.0156051531711325	0.298377776181234
3	0.0156051531711325	0.0156051531711325	0.0156051531711325	0.953184537986546
4	0.106236137797794	0.0156051531711325	0.0156051531711325	0.862553553359885
5	0.106236137797794	0.0156051531711325	0.0156051531711325	0.862553553359885
6	0.0388301585568273	0.691174903850627	0.0388301585568273	0.231164778873468
7	0.0625021928379392	0.162215716981647	0.0625021928379392	0.712779901427627




Gene	T37170_0.6
Motif	M232_0.6
Pos	A	C	G	U
1	0.00988973714483012	0.113670611300259	0.107291232460311	0.769148420297064
2	0.00988973714483012	0.00988973714483012	0.00988973714483012	0.970330789767973
3	0.107238070969978	0.00988973714483012	0.00988973714483012	0.872982455942825
4	0.0961095989936245	0.00988973714483012	0.0964640089291772	0.797536656134831
5	0.00988973714483012	0.00988973714483012	0.0950463691869666	0.885174157725837
6	0.00988973714483012	0.100592884678366	0.0950463691869666	0.794471010192301
7	0.00988973714483012	0.103463605156342	0.195407187464312	0.691239471436978




Gene	T37224_0.6
Motif	M245_0.6
Pos	A	C	G	U
1	0.1	0.9	0	0
2	0.1	0.8	0.05	0.05
3	0	0.1	0.9	0
4	0.95	0.05	0	0
5	1	0	0	0
6	1	0	0	0
7	0.1	0	0.45	0.45
8	0	1	0	0
9	0	1	0	0
10	0	1	0	0
11	0	0	1	0
12	1	0	0	0
13	1	0	0	0
14	0	0.05	0.95	0
15	0	0	0.05	0.95
16	1	0	0	0
17	0.05	0.2	0.65	0.1
18	0	0.05	0.85	0.1




Gene	T37368_0.6
Motif	M246_0.6
Pos	A	C	G	U
1	0	1	0	0
2	0.31578947368421	0.026315789473684	0	0.65789473684211
3	0	1	0	0
4	1	0	0	0
5	1	0	0	0




Gene	T37368_0.6
Motif	M247_0.6
Pos	A	C	G	U
1	0.019230769230769	0.98076923076923	0	0
2	0.21153846153846	0	0	0.78846153846154
3	0.019230769230769	0.96153846153846	0	0.019230769230769
4	0.88461538461538	0.096153846153846	0	0.019230769230769
5	0.96078431372549	0	0.019607843137255	0.019607843137255




Gene	T61860_0.6
Motif	M256_0.6
Pos	A	C	G	U
1	0.054545454545455	0.63636363636364	0.14545454545455	0.16363636363636
2	0.8	0.054545454545455	0.018181818181818	0.12727272727273
3	0.16363636363636	0	0.81818181818182	0.018181818181818
4	0.16363636363636	0.072727272727273	0.18181818181818	0.58181818181818
5	0.2	0.12727272727273	0.63636363636364	0.036363636363636
6	0.29090909090909	0.4	0.090909090909091	0.21818181818182




Gene	T18792_0.6
Motif	M262_0.6
Pos	A	C	G	U
1	0.070175438596491	0.035087719298246	0.10526315789474	0.78947368421053
2	1	0	0	0
3	0	1	0	0
4	0	0	0	1
5	1	0	0	0
6	1	0	0	0
7	0	0.87719298245614	0	0.12280701754386




Gene	T02638_0.6
Motif	M269_0.6
Pos	A	C	G	U
1	1	0	0	0
2	1	0	0	0
3	0.4	0.2	0	0.4
4	1	0	0	0
5	1	0	0	0
6	0.6	0	0.4	0
7	0	0.2	0.4	0.4
8	1	0	0	0
9	1	0	0	0
10	1	0	0	0
11	0	0	1	0




Gene	T37258_0.6
Motif	M271_0.6
Pos	A	C	G	U
1	0	0.042553191489362	0	0.95744680851064
2	1	0	0	0
3	0	0	1	0
4	0.021276595744681	0	0.97872340425532	0
5	0.1063829787234	0.021276595744681	0.78723404255319	0.085106382978723
6	0.5531914893617	0	0	0.4468085106383




Gene	T37259_0.6
Motif	M272_0.6
Pos	A	C	G	U
1	0.55	0.05	0.3	0.1
2	0	0.05	0.95	0
3	0.85	0	0.1	0.05
4	0.8	0.05	0.1	0.05
5	0.05	0.05	0.85	0.05
6	0.6	0	0.4	0
7	0.75	0	0.25	0
8	0	0.9	0	0.1




Gene	T37259_0.6
Motif	M273_0.6
Pos	A	C	G	U
1	0.82352941176471	0.058823529411765	0.058823529411765	0.058823529411765
2	0	1	0	0
3	0	0	1	0
4	0	0.94117647058824	0.058823529411765	0
5	0	0	0.88235294117647	0.11764705882353
6	0.11764705882353	0.88235294117647	0	0
7	0.52941176470588	0.058823529411765	0.29411764705882	0.11764705882353




Gene	T37299_0.6
Motif	M274_0.6
Pos	A	C	G	U
1	0	0	1	0
2	0.090909090909091	0.090909090909091	0	0.81818181818182
3	0.090909090909091	0	0	0.90909090909091
4	0	0.90909090909091	0.090909090909091	0
5	0	0.27272727272727	0.72727272727273	0
6	1	0	0	0
7	0	0	1	0
8	0.090909090909091	0	0.27272727272727	0.63636363636364
9	0.54545454545455	0	0.090909090909091	0.36363636363636




Gene	T37171_0.6
Motif	M275_0.6
Pos	A	C	G	U
1	1	0	0	0
2	1	0	0	0
3	1	0	0	0
4	1	0	0	0
5	1	0	0	0




Gene	T37167_0.6
Motif	M290_0.6
Pos	A	C	G	U
1	0.076923076923077	0.15384615384615	0.53846153846154	0.23076923076923
2	0	0.23076923076923	0	0.76923076923077
3	0.23076923076923	0.30769230769231	0	0.46153846153846
4	0	0	1	0
5	0	0	1	0
6	0.92307692307692	0.076923076923077	0	0
7	0.69230769230769	0.23076923076923	0	0.076923076923077




Gene	T37167_0.6
Motif	M291_0.6
Pos	A	C	G	U
1	0.16	0.16	0.68	0
2	0	0.68	0.04	0.28
3	0.12	0.2	0.44	0.24
4	0	0	1	0
5	0.44	0	0.56	0
6	1	0	0	0
7	0.36	0.64	0	0




Gene	T37167_0.6
Motif	M292_0.6
Pos	A	C	G	U
1	0.10526315789474	0	0.89473684210526	0
2	0	0	1	0
3	1	0	0	0
4	0.68421052631579	0.26315789473684	0.052631578947368	0




Gene	T22211_0.6
Motif	M296_0.6
Pos	A	C	G	U
1	0.91666666666667	0	0.083333333333333	0
2	0.91666666666667	0	0	0.083333333333333
3	0	0	1	0
4	0	1	0	0
5	1	0	0	0
6	0	0.75	0	0.25
7	0	0.75	0.25	0
8	0	1	0	0
9	0	0.25	0.75	0
10	0	0.090909090909091	0	0.90909090909091
11	0	0	0	1




Gene	T37178_0.6
Motif	M298_0.6
Pos	A	C	G	U
1	0.042553191489362	0	0	0.95744680851064
2	0	0	1	0
3	0	1	0	0
4	1	0	0	0
5	0	0	0	1
6	0	0	1	0




Gene	T37274_0.6
Motif	M307_0.6
Pos	A	C	G	U
1	1	0	0	0
2	0	0	1	0
3	0	0	1	0
4	0	0	1	0
5	0.89655172413793	0	0	0.10344827586207




Gene	T25561_0.6
Motif	M316_0.6
Pos	A	C	G	U
1	0	0	1	0
2	0	0	1	0
3	0	0	0	1
4	0	0	1	0




Gene	T37177_0.6
Motif	M317_0.6
Pos	A	C	G	U
1	0.77777777777778	0	0	0.22222222222222
2	0	0	0	1
3	0.11111111111111	0	0	0.88888888888889
4	0	0	1	0
5	0	1	0	0
6	1	0	0	0
7	0	1	0	0
8	0.22222222222222	0.22222222222222	0.11111111111111	0.44444444444444




Gene	T37177_0.6
Motif	M318_0.6
Pos	A	C	G	U
1	0.81818181818182	0.090909090909091	0	0.090909090909091
2	0.090909090909091	0	0	0.90909090909091
3	0.090909090909091	0	0	0.90909090909091
4	0	0	0.90909090909091	0.090909090909091
5	0	1	0	0
6	1	0	0	0
7	0	1	0	0




Gene	T37177_0.6
Motif	M319_0.6
Pos	A	C	G	U
1	1	0	0	0
2	0.090909090909091	0	0	0.90909090909091
3	0	0	0	1
4	0	0	1	0
5	0	1	0	0
6	1	0	0	0
7	0	1	0	0




Gene	T02652_0.6
Motif	M320_0.6
Pos	A	C	G	U
1	0	0.42009132420091	0	0.57990867579909
2	0	0.0045662100456621	0.99543378995434	0
3	0	0.99543378995434	0.0045662100456621	0
4	0	0.19634703196347	0	0.80365296803653




Gene	T18788_0.6
Motif	M323_0.6
Pos	A	C	G	U
1	0.16666666666667	0	0.83333333333333	0
2	0.16666666666667	0.25	0.58333333333333	0
3	0.58333333333333	0	0.41666666666667	0
4	0	0	1	0
5	1	0	0	0
6	0	0	1	0
7	0.083333333333333	0	0.083333333333333	0.83333333333333
8	0	1	0	0
9	1	0	0	0
10	0	0	0	1
11	0.33333333333333	0.33333333333333	0	0.33333333333333
12	0.083333333333333	0.5	0.41666666666667	0
13	0	0.83333333333333	0	0.16666666666667




Gene	T18788_0.6
Motif	M325_0.6
Pos	A	C	G	U
1	0.42857142857143	0	0.28571428571429	0.28571428571429
2	0	0.42857142857143	0.57142857142857	0
3	0.28571428571429	0.28571428571429	0.42857142857143	0
4	0	0	0.14285714285714	0.85714285714286
5	0.14285714285714	0.28571428571429	0.28571428571429	0.28571428571429
6	0.42857142857143	0.28571428571429	0.14285714285714	0.14285714285714
7	0.28571428571429	0.28571428571429	0.42857142857143	0
8	0.14285714285714	0.57142857142857	0.14285714285714	0.14285714285714
9	0.28571428571429	0	0	0.71428571428571
10	0	0	0	1
11	0	1	0	0
12	1	0	0	0
13	0	0.71428571428571	0	0.28571428571429
14	0.28571428571429	0.57142857142857	0.14285714285714	0
15	0	1	0	0
16	0	1	0	0




Gene	T37215_0.6
Motif	M328_0.6
Pos	A	C	G	U
1	0.42105263157895	0.31578947368421	0.052631578947368	0.21052631578947
2	0.090909090909091	0.18181818181818	0	0.72727272727273
3	0.090909090909091	0.45454545454545	0.13636363636364	0.31818181818182
4	0.39130434782609	0.52173913043478	0.043478260869565	0.043478260869565
5	0	0	0	1
6	0.037037037037037	0	0	0.96296296296296
7	0	0	0.037037037037037	0.96296296296296
8	0.25925925925926	0.11111111111111	0.14814814814815	0.48148148148148
9	0.11111111111111	0.14814814814815	0.11111111111111	0.62962962962963
10	0.36	0.08	0.12	0.44
11	0.090909090909091	0	0.090909090909091	0.81818181818182
12	0.15	0	0.05	0.8
13	0.17647058823529	0.41176470588235	0.058823529411765	0.35294117647059
14	0.14285714285714	0.14285714285714	0.42857142857143	0.28571428571429




Gene	T37215_0.6
Motif	M329_0.6
Pos	A	C	G	U
1	0.25	0	0	0.75
2	0	0.05	0	0.95
3	0	0	0	1
4	0	0.05	0.05	0.9
5	0.9	0	0.1	0
6	0	0	0.05	0.95
7	0.2	0	0	0.8
8	0	0.05	0.1	0.85
9	0.35	0	0.05	0.6




Gene	T37215_0.6
Motif	M330_0.6
Pos	A	C	G	U
1	0.33333333333333	0	0	0.66666666666667
2	0	0	0	1
3	0	0.16666666666667	0	0.83333333333333
4	0	0.33333333333333	0	0.66666666666667
5	0.83333333333333	0	0.16666666666667	0
6	0.16666666666667	0.16666666666667	0	0.66666666666667
7	0	0	0	1
8	0	0	0	1
9	0	0	0	1




Gene	T07243_0.6
Motif	M331_0.6
Pos	A	C	G	U
1	0.7906976744186	0.13953488372093	0.023255813953488	0.046511627906977
2	0.069767441860465	0.023255813953488	0.83720930232558	0.069767441860465
3	0.93023255813953	0.069767441860465	0	0
4	0	0.97674418604651	0	0.023255813953488
5	0.13953488372093	0.023255813953488	0.3953488372093	0.44186046511628
6	0.95348837209302	0.023255813953488	0	0.023255813953488
7	0	0.88372093023256	0.046511627906977	0.069767441860465
8	0.11627906976744	0	0.88372093023256	0
9	0.72093023255814	0.11627906976744	0	0.16279069767442
10	0.069767441860465	0.2093023255814	0.13953488372093	0.58139534883721




Gene	T37299_0.6
Motif	M332_0.6
Pos	A	C	G	U
1	0.068965517241379	0	0.20689655172414	0.72413793103448
2	0	0	1	0
3	0.068965517241379	0	0	0.93103448275862
4	0.03448275862069	0	0	0.96551724137931
5	0	1	0	0
6	0	0.55172413793103	0.44827586206897	0
7	0.93103448275862	0	0.03448275862069	0.03448275862069
8	0	0	1	0
9	0.58620689655172	0.10344827586207	0.03448275862069	0.27586206896552
10	0.17241379310345	0.03448275862069	0.13793103448276	0.6551724137931




Gene	T37219_0.6
Motif	M333_0.6
Pos	A	C	G	U
1	0.81081081081081	0.081081081081081	0	0.10810810810811
2	0.027027027027027	0.054054054054054	0.91891891891892	0
3	0.027027027027027	0.27027027027027	0.7027027027027	0
4	0.89189189189189	0.081081081081081	0	0.027027027027027
5	0.13513513513514	0.45945945945946	0.32432432432432	0.081081081081081




Gene	T37275_0.6
Motif	M344_0.6
Pos	A	C	G	U
1	0	1	0	0
2	0	1	0	0
3	0.66666666666667	0.33333333333333	0	0
4	0	0.25	0.41666666666667	0.33333333333333




Gene	T37177_0.6
Motif	M345_0.6
Pos	A	C	G	U
1	0	0	1	0
2	0.53333333333333	0	0.13333333333333	0.33333333333333
3	0.2	0	0	0.8
4	0.33333333333333	0	0	0.66666666666667
5	0	1	0	0
6	0	0.86666666666667	0.13333333333333	0
7	0.33333333333333	0.066666666666667	0	0.6
8	0	0	1	0
9	0	0.73333333333333	0	0.26666666666667
10	0.13333333333333	0.066666666666667	0	0.8
11	0.93333333333333	0.066666666666667	0	0




Gene	T37177_0.6
Motif	M346_0.6
Pos	A	C	G	U
1	0.125	0.0625	0.75	0.0625
2	0.0625	0.0625	0.8125	0.0625
3	0.0625	0	0.75	0.1875
4	0.1875	0	0.25	0.5625
5	0.9375	0	0.0625	0
6	0.13333333333333	0	0	0.86666666666667
7	0	0	1	0
8	0	1	0	0
9	0	0.125	0.0625	0.8125
10	0	0	0.9375	0.0625




Gene	T37177_0.6
Motif	M347_0.6
Pos	A	C	G	U
1	0.23076923076923	0	0.69230769230769	0.076923076923077
2	0.46153846153846	0.23076923076923	0.23076923076923	0.076923076923077
3	0	0	1	0
4	0	1	0	0
5	1	0	0	0
6	0	0	1	0
7	0	0	0	1
8	0.92307692307692	0	0.076923076923077	0
9	0	0	1	0
10	0	0	0.53846153846154	0.46153846153846
11	0	0.38461538461538	0.61538461538462	0




Gene	T37177_0.6
Motif	M348_0.6
Pos	A	C	G	U
1	0.6875	0	0.0625	0.25
2	0	0.25	0.75	0
3	0	0	0.9375	0.0625
4	0.75	0.125	0.125	0
5	0.0625	0	0.8125	0.125
6	0.875	0.0625	0.0625	0
7	0.0625	0.0625	0.125	0.75




Gene	T37171_0.6
Motif	M349_0.6
Pos	A	C	G	U
1	1	0	0	0
2	0.14285714285714	0.85714285714286	0	0
3	0.28571428571429	0	0.28571428571429	0.42857142857143
4	0.85714285714286	0	0.14285714285714	0
5	1	0	0	0
6	0	0.28571428571429	0.14285714285714	0.57142857142857
7	0.42857142857143	0.42857142857143	0.14285714285714	0




Gene	T02638_0.6
Motif	M350_0.6
Pos	A	C	G	U
1	0.1875	0.0625	0	0.75
2	0.0625	0	0.0625	0.875
3	0.9375	0	0.0625	0
4	0	0	0	1
5	0	0	0	1
6	0	0	0	1
7	0.875	0.0625	0.0625	0
8	0.375	0	0	0.625
9	0.0625	0.125	0.25	0.5625




Gene	T37259_0.6
Motif	M351_0.6
Pos	A	C	G	U
1	0.55555555555556	0.11111111111111	0.11111111111111	0.22222222222222
2	0.22222222222222	0	0.55555555555556	0.22222222222222
3	0.027777777777778	0	0.94444444444444	0.027777777777778
4	0.97222222222222	0.027777777777778	0	0
5	0.055555555555556	0.91666666666667	0.027777777777778	0
6	0.55555555555556	0	0.38888888888889	0.055555555555556
7	0.27777777777778	0	0.69444444444444	0.027777777777778
8	0.94444444444444	0.027777777777778	0.027777777777778	0
9	0.22222222222222	0.055555555555556	0.72222222222222	0
10	0	0.97222222222222	0	0.027777777777778




Gene	T37299_0.6
Motif	M352_0.6
Pos	A	C	G	U
1	0.88461538461538	0.038461538461538	0.038461538461538	0.038461538461538
2	0.038461538461538	0.038461538461538	0.92307692307692	0
3	0.038461538461538	0.46153846153846	0.5	0
4	0.80769230769231	0.15384615384615	0.038461538461538	0
5	0	0	1	0
6	0.73076923076923	0.076923076923077	0.038461538461538	0.15384615384615
7	0.11538461538462	0	0.84615384615385	0.038461538461538
8	0.23076923076923	0.038461538461538	0.19230769230769	0.53846153846154
9	0.46153846153846	0.076923076923077	0.11538461538462	0.34615384615385




Gene	T07243_0.6
Motif	M353_0.6
Pos	A	C	G	U
1	0.72	0.16	0	0.12
2	0.08	0.88	0	0.04
3	0	0	0.96	0.04
4	1	0	0	0
5	0.04	0	0.72	0.24
6	0.8	0	0	0.2
7	0	0.04	0.84	0.12
8	0.84	0.12	0	0.04
9	0.24	0.44	0	0.32




Gene	T62023_0.6
Motif	M354_0.6
Pos	A	C	G	U
1	0	0.13888888888889	0.47222222222222	0.38888888888889
2	0.47222222222222	0.36111111111111	0.13888888888889	0.027777777777778
3	0.41666666666667	0.19444444444444	0.27777777777778	0.11111111111111
4	0	0	0.055555555555556	0.94444444444444
5	0.38888888888889	0.22222222222222	0.38888888888889	0
6	0.055555555555556	0.86111111111111	0.083333333333333	0




Gene	T37276_0.6
Motif	M001_0.6
Pos	A	C	G	U
1	0.39532879396435	0.105513888686126	0.105513888686126	0.393643427745405
2	0.00770456803068082	0.00770456803068082	0.00770456803068082	0.976886297348457
3	0.976886297348457	0.00770456803068082	0.00770456803068082	0.00770456803068082
4	0.976886297348457	0.00770456803068082	0.00770456803068082	0.00770456803068082
5	0.00770456803068082	0.00770456803068082	0.00770456803068082	0.976886297348457
6	0.00770456803068082	0.00770456803068082	0.00770456803068082	0.976886297348457
7	0.321131137484576	0.143803698114993	0.478370946765367	0.0566942181612342




Gene	T18799_0.6
Motif	M002_0.6
Pos	A	C	G	U
1	0.773202708628553	0.0755990967724702	0.0755990967724702	0.0755990967724702
2	0.00430461221593073	0.00430461221593073	0.987086161345983	0.00430461221593073
3	0.987086161345983	0.00430461221593073	0.00430461221593073	0.00430461221593073
4	0.00430461221593073	0.987086161345983	0.00430461221593073	0.00430461221593073
5	0.00430461221593073	0.00430461221593073	0.987086161345983	0.00430461221593073
6	0.228809755236608	0.10208869663005	0.00430461221593073	0.664796933911185
7	0.427754153606094	0.0793093155884373	0.0997300686202917	0.393206460178951




Gene	T37201_0.6
Motif	M004_0.6
Pos	A	C	G	U
1	0.0850634504936057	0.0850634504936057	0.175951658141761	0.65392143623043
2	0.0130464984118041	0.0130464984118041	0.776576805287808	0.197330201099004
3	0.0130464984118041	0.0130464984118041	0.0130464984118041	0.960860507975009
4	0.0130464984118041	0.0130464984118041	0.764576198088384	0.20933080829843
5	0.0130464984118041	0.0130464984118041	0.104633577159811	0.869273429227003
6	0.0130464984118041	0.0130464984118041	0.666799025115857	0.307107981270957
7	0.0831008331277267	0.0831008331277267	0.264547858016938	0.56925047512411




Gene	T37262_0.6
Motif	M012_0.6
Pos	A	C	G	U
1	0.0328789423925834	0.796090953786487	0.0328789423925834	0.1381511617227
2	0.277371950787395	0.218125806732724	0.00894548662494545	0.495556756341827
3	0.104263170593888	0.0961698533174317	0.00894548662494545	0.790621489950626
4	0.00894548662494545	0.00894548662494545	0.00894548662494545	0.973163540612057
5	0.00894548662494545	0.00894548662494545	0.00894548662494545	0.973163540612057
6	0.00894548662494545	0.00894548662494545	0.00894548662494545	0.973163540612057
7	0.032709768680212	0.032709768680212	0.214375375899823	0.720205086989861




Gene	T37172_0.6
Motif	M013_0.6
Pos	A	C	G	U
1	0.012021481040213	0.012021481040213	0.012021481040213	0.963935552230588
2	0.963935552230588	0.012021481040213	0.012021481040213	0.012021481040213
3	0.10164370706502	0.012021481040213	0.87431332620578	0.012021481040213
4	0.11753403355671	0.012021481040213	0.670501924945205	0.199942555809099
5	0.201960375046139	0.012021481040213	0.0992223239805725	0.686795815284302
6	0.686795815284302	0.012021481040213	0.0979107414764966	0.203271957550215
7	0.337267846220653	0.0591582052159025	0.544415746060043	0.0591582052159025




Gene	T18787_0.6
Motif	M016_0.6
Pos	A	C	G	U
1	0.110871349592076	0.110871349592076	0.576230667329126	0.20202663331605
2	0.0183331335327331	0.0183331335327331	0.94500060058715	0.0183331335327331
3	0.94500060058715	0.0183331335327331	0.0183331335327331	0.0183331335327331
4	0.0183331335327331	0.94500060058715	0.0183331335327331	0.0183331335327331
5	0.766209687874068	0.0183331335327331	0.197124046245815	0.0183331335327331
6	0.499700431433382	0.0414525935076519	0.417394376983791	0.0414525935076519
7	0.133741033785827	0.0414525935076519	0.783353774631347	0.0414525935076519




Gene	T37341_0.6
Motif	M019_0.6
Pos	A	C	G	U
1	0.832591212792457	0.0558029276066798	0.0558029276066798	0.0558029276066798
2	0.0966226073699798	0.00907801179449789	0.885221367741483	0.00907801179449789
3	0.972765963316962	0.00907801179449789	0.00907801179449789	0.00907801179449789
4	0.107870731139151	0.00907801179449789	0.873973243972311	0.00907801179449789
5	0.88034098346147	0.101502991649992	0.00907801179449789	0.00907801179449789
6	0.579942318377788	0.208383204944379	0.202596463583794	0.00907801179449789
7	0.53601577568826	0.261823409655306	0.145620314013802	0.0565404994373066




Gene	T18798_0.6
Motif	M020_0.6
Pos	A	C	G	U
1	0.178193502140083	0.0872748171298672	0.559955658611622	0.174576018853948
2	0.0187091904613737	0.0187091904613737	0.943872429890684	0.0187091904613737
3	0.943872429890684	0.0187091904613737	0.0187091904613737	0.0187091904613737
4	0.0187091904613737	0.943872429890684	0.0187091904613737	0.0187091904613737
5	0.390029702673727	0.0187091904613737	0.572551917678331	0.0187091904613737
6	0.467654595207375	0.0187091904613737	0.494927025144681	0.0187091904613737
7	0.236166926814529	0.0418072619199785	0.680218543574584	0.0418072619199785




Gene	T37266_0.6
Motif	M021_0.6
Pos	A	C	G	U
1	0.742366063976806	0.0581777369833999	0.0581777369833999	0.141278459156637
2	0.0345082646186025	0.0345082646186025	0.896475201416213	0.0345082646186025
3	0.0109308534433254	0.0109308534433254	0.967207439104606	0.0109308534433254
4	0.967207439104606	0.0109308534433254	0.0109308534433254	0.0109308534433254
5	0.0109308534433254	0.0109308534433254	0.0109308534433254	0.967207439104606
6	0.310913414147557	0.0109308534433254	0.480632010561457	0.197523721282244
7	0.608185248518451	0.0109308534433254	0.28109542448086	0.0997884729919465




Gene	T37258_0.6
Motif	M022_0.6
Pos	A	C	G	U
1	0.268221312682607	0.0829313540793576	0.272138394820678	0.376708940945804
2	0.00960823913423693	0.00960823913423693	0.00960823913423693	0.971175286760165
3	0.971175286760165	0.00960823913423693	0.00960823913423693	0.00960823913423693
4	0.00960823913423693	0.00960823913423693	0.971175286760165	0.00960823913423693
5	0.00960823913423693	0.00960823913423693	0.971175286760165	0.00960823913423693
6	0.00960823913423693	0.00960823913423693	0.877684300946812	0.103099224947591
7	0.591091834175316	0.10395683684393	0.10395683684393	0.200994489206751




Gene	T37267_0.6
Motif	M023_0.6
Pos	A	C	G	U
1	0.177970192173746	0.0861306541812456	0.26726181043746	0.468637347084201
2	0.0130996148949014	0.0130996148949014	0.0130996148949014	0.960701149831704
3	0.960701149831704	0.0130996148949014	0.0130996148949014	0.0130996148949014
4	0.0130996148949014	0.0130996148949014	0.960701149831704	0.0130996148949014
5	0.0130996148949014	0.0130996148949014	0.960701149831704	0.0130996148949014
6	0.0364714854774028	0.0364714854774028	0.799054936957703	0.128002090532653
7	0.452983499712739	0.0827790329891177	0.0827790329891177	0.381458429585513




Gene	T37238_0.6
Motif	M024_0.6
Pos	A	C	G	U
1	0.293787072460145	0.10669127911739	0.294856998578936	0.304664654667863
2	0.0582383292763632	0.0582383292763632	0.0582383292763632	0.825285010553876
3	0.967610692986855	0.0107964367267484	0.0107964367267484	0.0107964367267484
4	0.0107964367267484	0.0107964367267484	0.967610692986855	0.0107964367267484
5	0.0107964367267484	0.0107964367267484	0.967610692986855	0.0107964367267484
6	0.0107964367267484	0.0107964367267484	0.967610692986855	0.0107964367267484
7	0.65932135338852	0.0823856706911844	0.0823856706911844	0.175907308208913




Gene	T37187_0.6
Motif	M025_0.6
Pos	A	C	G	U
1	0.56581046380828	0.184580241664291	0.080343963638578	0.169265330645431
2	0.00615312633272871	0.00615312633272871	0.00615312633272871	0.981540621551337
3	0.00615312633272871	0.00615312633272871	0.00615312633272871	0.981540621551337
4	0.00615312633272871	0.00615312633272871	0.00615312633272871	0.981540621551337
5	0.00615312633272871	0.00615312633272871	0.00615312633272871	0.981540621551337
6	0.00615312633272871	0.00615312633272871	0.00615312633272871	0.981540621551337
7	0.0545680904020458	0.147523892443351	0.272217299111428	0.52569071776952




Gene	T18806_0.6
Motif	M026_0.6
Pos	A	C	G	U
1	0.109804549527276	0.856031637939824	0.0170819044177939	0.0170819044177939
2	0.108255211143277	0.76485833121434	0.0170819044177939	0.109804549527276
3	0.856031637939824	0.0170819044177939	0.0170819044177939	0.109804549527276
4	0.593491811528232	0.0170819044177939	0.103135658222238	0.286290622134421
5	0.312760833839568	0.502420296283448	0.040993376028484	0.143825489481627
6	0.0642751501391216	0.807174542424277	0.0642751501391216	0.0642751501391216
7	0.0880498710944913	0.735850379141296	0.0880498710944913	0.0880498710944913




Gene	T37210_0.6
Motif	M027_0.6
Pos	A	C	G	U
1	0.737562985257612	0.146785196267679	0.0578259110965854	0.0578259110965854
2	0.191432559536191	0.686074285555823	0.0111137710069721	0.111379381229144
3	0.966658684307214	0.0111137710069721	0.0111137710069721	0.0111137710069721
4	0.11028326236173	0.67147398224186	0.0111137710069721	0.207128981717569
5	0.88412827735981	0.0111137710069721	0.0111137710069721	0.0936441779543756
6	0.274028733615639	0.703743721698546	0.0111137710069721	0.0111137710069721
7	0.716364903447614	0.213975591094505	0.034829755217311	0.034829755217311




Gene	T37170_0.6
Motif	M031_0.6
Pos	A	C	G	U
1	0.00647952351346512	0.00647952351346512	0.00647952351346512	0.980561431632273
2	0.00647952351346512	0.00647952351346512	0.00647952351346512	0.980561431632273
3	0.536437275324277	0.00647952351346512	0.177269807570215	0.279813395764714
4	0.0879178724305586	0.00647952351346512	0.185654273257177	0.719948332971471
5	0.00647952351346512	0.00647952351346512	0.00647952351346512	0.980561431632273
6	0.00647952351346512	0.00647952351346512	0.00647952351346512	0.980561431632273
7	0.0569500736473458	0.14372969379225	0.143649910538235	0.655670322989179




Gene	T22209_0.6
Motif	M032_0.6
Pos	A	C	G	U
1	0.564544750782044	0.176611111265786	0.171979417647919	0.0868647226646405
2	0.399782829826952	0.5206986972781	0.0397592373599863	0.0397592373599863
3	0.951032580838079	0.0163224706475051	0.0163224706475051	0.0163224706475051
4	0.507026175490207	0.199209200887384	0.0163224706475051	0.277442145755497
5	0.596933445232028	0.109301931145564	0.0163224706475051	0.277442145755497
6	0.109301931145564	0.85805312034002	0.0163224706475051	0.0163224706475051
7	0.951032580838079	0.0163224706475051	0.0163224706475051	0.0163224706475051




Gene	T18800_0.6
Motif	M033_0.6
Pos	A	C	G	U
1	0.212203224238528	0.129282764199032	0.529231249046511	0.129282764199032
2	0.96976571513663	0.0100780952609581	0.0100780952609581	0.0100780952609581
3	0.0100780952609581	0.0100780952609581	0.0100780952609581	0.96976571513663
4	0.96976571513663	0.0100780952609581	0.0100780952609581	0.0100780952609581
5	0.96976571513663	0.0100780952609581	0.0100780952609581	0.0100780952609581
6	0.96976571513663	0.0100780952609581	0.0100780952609581	0.0100780952609581
7	0.211219159369854	0.530113980770901	0.224001732798915	0.0346651229530925
8	0.233726327673742	0.314652487290389	0.320816953549209	0.130804231633577




Gene	T06788_0.6
Motif	M035_0.6
Pos	A	C	G	U
1	0.304005719239733	0.38739797531058	0.109358457066392	0.1992378419614
2	0.0392662279417396	0.0392662279417396	0.882201309138528	0.0392662279417396
3	0.0392662279417396	0.0392662279417396	0.882201309138528	0.0392662279417396
4	0.882201309138528	0.0392662279417396	0.0392662279417396	0.0392662279417396
5	0.0155160569156276	0.0155160569156276	0.953451834693837	0.0155160569156276
6	0.695453720462072	0.0392662279417396	0.0392662279417396	0.226013816618194
7	0.719902251897349	0.0625531467635553	0.15499146140642	0.0625531467635553




Gene	T37165_0.6
Motif	M036_0.6
Pos	A	C	G	U
1	0.458380704689553	0.367197490310543	0.0872109044563551	0.0872109044563551
2	0.865132892167346	0.0171923089037042	0.0171923089037042	0.100482487992784
3	0.100653792821114	0.0171923089037042	0.0171923089037042	0.864961587339017
4	0.0171923089037042	0.948423071256426	0.0171923089037042	0.0171923089037042
5	0.0171923089037042	0.0171923089037042	0.0171923089037042	0.948423071256426
6	0.0171923089037042	0.0171923089037042	0.0171923089037042	0.948423071256426
7	0.17717267398699	0.0878821919687232	0.647062933613719	0.0878821919687232




Gene	T02652_0.6
Motif	M037_0.6
Pos	A	C	G	U
1	0.315547835049928	0.190241985374528	0.212006636214348	0.282203544734165
2	0.00862191426430533	0.1184004903088	0.86435567860585	0.00862191426430533
3	0.00862191426430533	0.86435567860585	0.00862191426430533	0.1184004903088
4	0.00862191426430533	0.00862191426430533	0.00862191426430533	0.974134254650341
5	0.00862191426430533	0.00862191426430533	0.00862191426430533	0.974134254650341
6	0.115568019138569	0.0329498996799759	0.818532180692865	0.0329498996799759
7	0.0563862911776558	0.749437918287827	0.137789501585831	0.0563862911776558




Gene	T37256_0.6
Motif	M040_0.6
Pos	A	C	G	U
1	0.0573908450322538	0.0573908450322538	0.0573908450322538	0.827827466201957
2	0.968267430564211	0.0105775239209646	0.0105775239209646	0.0105775239209646
3	0.0105775239209646	0.0105775239209646	0.968267430564211	0.0105775239209646
4	0.124088616708191	0.103802801091639	0.115982277003152	0.656126307524123
5	0.436631437390063	0.0105775239209646	0.0105775239209646	0.542213517095112
6	0.559228530097152	0.0340974027387246	0.372576666012112	0.0340974027387246
7	0.138156348988225	0.0569421741072173	0.747959299486104	0.0569421741072173




Gene	T37185_0.6
Motif	M042_0.6
Pos	A	C	G	U
1	0.7784371010493	0.10307987171858	0.110525483304575	0.0079575404738413
2	0.790962791373655	0.103881309076795	0.0971983556220047	0.0079575404738413
3	0.976127375124768	0.0079575404738413	0.0079575404738413	0.0079575404738413
4	0.976127375124768	0.0079575404738413	0.0079575404738413	0.0079575404738413
5	0.976127375124768	0.0079575404738413	0.0079575404738413	0.0079575404738413
6	0.684736674794941	0.111016686846707	0.103752044986761	0.100494589917888
7	0.682707228581397	0.104799084116041	0.204536143375017	0.0079575404738413




Gene	T18814_0.6
Motif	M043_0.6
Pos	A	C	G	U
1	0.046319513823871	0.779292093387599	0.046319513823871	0.128068869766166
2	0.024144469689902	0.763613049142094	0.024144469689902	0.188098000096267
3	0.024144469689902	0.311333882444892	0.024144469689902	0.640377166793469
4	0.105624137096151	0.311333882444892	0.024144469689902	0.558897499387218
5	0.108038612109826	0.734923404861957	0.024144469689902	0.132893501956478
6	0.024144469689902	0.927566579548458	0.024144469689902	0.024144469689902
7	0.157967068788357	0.625488077050551	0.0680608582803663	0.148483991353379




Gene	T37277_0.6
Motif	M044_0.6
Pos	A	C	G	U
1	0.0869664872741963	0.360842894195759	0.465224124250878	0.0869664872741963
2	0.0185059653053864	0.572626211949122	0.297104793735792	0.111763023698642
3	0.0185059653053864	0.20589934215392	0.75708872192425	0.0185059653053864
4	0.0185059653053864	0.944482098772784	0.0185059653053864	0.0185059653053864
5	0.0185059653053864	0.109711416887259	0.853276647190911	0.0185059653053864
6	0.0185059653053864	0.856793687438998	0.106194376639172	0.0185059653053864
7	0.064957077214725	0.340097816109821	0.52998803647158	0.064957077214725




Gene	T18792_0.6
Motif	M046_0.6
Pos	A	C	G	U
1	0.824349987340932	0.0585500035959731	0.0585500035959731	0.0585500035959731
2	0.0146857902481741	0.955942627034291	0.0146857902481741	0.0146857902481741
3	0.0146857902481741	0.0146857902481741	0.0146857902481741	0.955942627034291
4	0.955942627034291	0.0146857902481741	0.0146857902481741	0.0146857902481741
5	0.955942627034291	0.0146857902481741	0.0146857902481741	0.0146857902481741
6	0.0146857902481741	0.820842135003972	0.0146857902481741	0.149786282278493
7	0.411147838945707	0.304972072342184	0.173045744395095	0.110834350817173




Gene	T37213_0.6
Motif	M047_0.6
Pos	A	C	G	U
1	0.0802122581797632	0.0802122581797632	0.759363224791154	0.0802122581797632
2	0.512927721783624	0.0355646809337071	0.0355646809337071	0.415942910609746
3	0.0122004118712643	0.0122004118712643	0.963398765469714	0.0122004118712643
4	0.0122004118712643	0.0122004118712643	0.0122004118712643	0.963398765469714
5	0.963398765469714	0.0122004118712643	0.0122004118712643	0.0122004118712643
6	0.0122004118712643	0.0122004118712643	0.963398765469714	0.0122004118712643
7	0.403106039194459	0.0846580151714892	0.163314535620475	0.348921410049221




Gene	T37204_0.6
Motif	M048_0.6
Pos	A	C	G	U
1	0.169305997055016	0.0824047674715971	0.665884473058981	0.0824047674715971
2	0.719593993508974	0.0367687437588604	0.20686852549348	0.0367687437588604
3	0.184494469046595	0.0133316901580824	0.191715079000144	0.610458758785568
4	0.960004926516143	0.0133316901580824	0.0133316901580824	0.0133316901580824
5	0.191715079000144	0.781621537674081	0.0133316901580824	0.0133316901580824
6	0.125075037120515	0.0365470770429918	0.597009060218934	0.24136882568045
7	0.682840496763612	0.105719834126826	0.105719834126826	0.105719834126826




Gene	T37369_0.6
Motif	M050_0.6
Pos	A	C	G	U
1	0.0547719353224411	0.0547719353224411	0.835684192517964	0.0547719353224411
2	0.00643115088969442	0.980706548549774	0.00643115088969442	0.00643115088969442
3	0.00643115088969442	0.00643115088969442	0.980706548549774	0.00643115088969442
4	0.00643115088969442	0.893047559738362	0.0940901397011093	0.00643115088969442
5	0.00643115088969442	0.0940901397011093	0.893047559738362	0.00643115088969442
6	0.00643115088969442	0.22171430864045	0.678504736348866	0.0933498053398482
7	0.0564697130878233	0.234661253699658	0.57065072017103	0.138218311454527




Gene	T37184_0.6
Motif	M051_0.6
Pos	A	C	G	U
1	0.446003404503079	0.0566725164453121	0.0566725164453121	0.440651566392308
2	0.00901702888447405	0.00901702888447405	0.00901702888447405	0.972948908920515
3	0.972948908920515	0.00901702888447405	0.00901702888447405	0.00901702888447405
4	0.00901702888447405	0.972948908920515	0.00901702888447405	0.00901702888447405
5	0.58286539702691	0.00901702888447405	0.00901702888447405	0.399100540778078
6	0.00901702888447405	0.00901702888447405	0.00901702888447405	0.972948908920515
7	0.104460301246234	0.104460301246234	0.194732176924498	0.596347218686662




Gene	T37283_0.6
Motif	M052_0.6
Pos	A	C	G	U
1	0.713699488133621	0.0355555534180339	0.21518940745973	0.0355555534180339
2	0.965895813424702	0.0113680604768995	0.0113680604768995	0.0113680604768995
3	0.0113680604768995	0.0113680604768995	0.0113680604768995	0.965895813424702
4	0.0113680604768995	0.597893530121252	0.379370343780351	0.0113680604768995
5	0.965895813424702	0.0113680604768995	0.0113680604768995	0.0113680604768995
6	0.603082770670403	0.0359046814182176	0.131204930574251	0.229807612361727
7	0.301563849153487	0.10922481151179	0.197022425598723	0.392188913915727




Gene	T25560_0.6
Motif	M053_0.6
Pos	A	C	G	U
1	0.130306105130034	0.0387472411984711	0.792199408067195	0.0387472411984711
2	0.883758271998758	0.0387472411984711	0.0387472411984711	0.0387472411984711
3	0.701439429612401	0.0387472411984711	0.221066083584827	0.0387472411984711
4	0.0155360548721029	0.0155360548721029	0.953391841865799	0.0155360548721029
5	0.0155360548721029	0.0155360548721029	0.953391841865799	0.0155360548721029
6	0.62637701860711	0.0632800870880896	0.0632800870880896	0.247062814819581
7	0.577821738594511	0.110334447925345	0.201509366191116	0.110334447925345




Gene	T37251_0.6
Motif	M054_0.6
Pos	A	C	G	U
1	0.194887459259023	0.11287264514794	0.579367260795829	0.11287264514794
2	0.020971104313817	0.669653480854894	0.020971104313817	0.28840431700041
3	0.020971104313817	0.0989011690249422	0.859156628830363	0.020971104313817
4	0.020971104313817	0.859156628830363	0.0989011690249422	0.020971104313817
5	0.020971104313817	0.0989011690249422	0.859156628830363	0.020971104313817
6	0.020971104313817	0.846311112655497	0.111746685199807	0.020971104313817
7	0.0666382930280382	0.157225475551184	0.61443434023537	0.161701901527663




Gene	T37272_0.6
Motif	M055_0.6
Pos	A	C	G	U
1	0.582687365632857	0.202666001401069	0.107323318360732	0.107323318360732
2	0.0117134313700685	0.108039792523197	0.0117134313700685	0.868533344794977
3	0.964859705948105	0.0117134313700685	0.0117134313700685	0.0117134313700685
4	0.0117134313700685	0.0117134313700685	0.0117134313700685	0.964859705948105
5	0.964859705948105	0.0117134313700685	0.0117134313700685	0.0117134313700685
6	0.1043516992496	0.105547837608604	0.217822710215122	0.572277752984984
7	0.52478391012339	0.356883889079257	0.0591660992812212	0.0591660992812212




Gene	T61784_0.6
Motif	M061_0.6
Pos	A	C	G	U
1	0.00613877521514197	0.00613877521514197	0.981583671321393	0.00613877521514197
2	0.00613877521514197	0.981583671321393	0.00613877521514197	0.00613877521514197
3	0.100156220736093	0.00613877521514197	0.272747551674364	0.620957449341219
4	0.00613877521514197	0.00613877521514197	0.981583671321393	0.00613877521514197
5	0.00613877521514197	0.00613877521514197	0.981583671321393	0.00613877521514197
6	0.38969380851719	0.368338726115165	0.105647410277269	0.136320057384331
7	0.189287969587	0.61030959582	0.100201216755256	0.100201216755256




Gene	T37174_0.6
Motif	M062_0.6
Pos	A	C	G	U
1	0.757020210373493	0.0809932638995346	0.0809932638995346	0.0809932638995346
2	0.327083213502225	0.123145388733561	0.516828233031373	0.0329431610349821
3	0.973795858185309	0.00873471488222294	0.00873471488222294	0.00873471488222294
4	0.973795858185309	0.00873471488222294	0.00873471488222294	0.00873471488222294
5	0.973795858185309	0.00873471488222294	0.00873471488222294	0.00873471488222294
6	0.772119715626907	0.120614436205739	0.0985311361171097	0.00873471488222294
7	0.687405478522006	0.203937122894097	0.00873471488222294	0.0999226865336534




Gene	T37219_0.6
Motif	M065_0.6
Pos	A	C	G	U
1	0.0830920804931059	0.0830920804931059	0.661491291224201	0.172324547975156
2	0.0372773532630052	0.0372773532630052	0.888167943149015	0.0372773532630052
3	0.546572640561007	0.0140739705939021	0.425279415406822	0.0140739705939021
4	0.5035299418691	0.110571994889856	0.0140739705939021	0.371824089802775
5	0.0140739705939021	0.0140739705939021	0.957778085373927	0.0140739705939021
6	0.0915673394697202	0.242353562714828	0.652005124377184	0.0140739705939021
7	0.690610207449128	0.232382661459849	0.0385035636805216	0.0385035636805216




Gene	T37211_0.6
Motif	M068_0.6
Pos	A	C	G	U
1	0.289450300008101	0.105282517644003	0.499984661806897	0.105282517644003
2	0.616181867785918	0.035201798246505	0.035201798246505	0.313414531801062
3	0.0116830266815328	0.0116830266815328	0.0116830266815328	0.964950925676011
4	0.0116830266815328	0.964950925676011	0.0116830266815328	0.0116830266815328
5	0.964950925676011	0.0116830266815328	0.0116830266815328	0.0116830266815328
6	0.964950925676011	0.0116830266815328	0.0116830266815328	0.0116830266815328
7	0.129134650451688	0.0358758509748428	0.799113642056098	0.0358758509748428




Gene	T37177_0.6
Motif	M069_0.6
Pos	A	C	G	U
1	0.264248555368382	0.0803544562859874	0.0803544562859874	0.575042528672807
2	0.192828348938255	0.0088111986316702	0.0088111986316702	0.789549256168819
3	0.0088111986316702	0.0088111986316702	0.973566406475404	0.0088111986316702
4	0.0088111986316702	0.973566406475404	0.0088111986316702	0.0088111986316702
5	0.973566406475404	0.0088111986316702	0.0088111986316702	0.0088111986316702
6	0.0088111986316702	0.973566406475404	0.0088111986316702	0.0088111986316702
7	0.626482796661044	0.0574420938189306	0.258633011442952	0.0574420938189306




Gene	T37299_0.6
Motif	M070_0.6
Pos	A	C	G	U
1	0.607397525564136	0.130867491829291	0.130867491829291	0.130867491829291
2	0.0164197322293056	0.0164197322293056	0.950740800258744	0.0164197322293056
3	0.0164197322293056	0.0164197322293056	0.950740800258744	0.0164197322293056
4	0.85971495944523	0.0164197322293056	0.0164197322293056	0.10744557304282
5	0.0164197322293056	0.0164197322293056	0.950740800258744	0.0164197322293056
6	0.582607237810568	0.0164197322293056	0.10519340290493	0.295779624001857
7	0.304847572188622	0.0164197322293056	0.389709578940544	0.289023113588187
8	0.320765806805383	0.135637619297764	0.407958947290758	0.135637619297764




Gene	T07243_0.6
Motif	M071_0.6
Pos	A	C	G	U
1	0.203253094215648	0.126506578204249	0.543733751829296	0.126506578204249
2	0.770738546819589	0.076420483561973	0.076420483561973	0.076420483561973
3	0.00852837899556795	0.97441485920865	0.00852837899556795	0.00852837899556795
4	0.00852837899556795	0.00852837899556795	0.97441485920865	0.00852837899556795
5	0.97441485920865	0.00852837899556795	0.00852837899556795	0.00852837899556795
6	0.00852837899556795	0.97441485920865	0.00852837899556795	0.00852837899556795
7	0.152686398834125	0.0571645056272888	0.732984592797132	0.0571645056272888
8	0.340376555938508	0.132144701693306	0.395334039051656	0.132144701693306




Gene	T37219_0.6
Motif	M072_0.6
Pos	A	C	G	U
1	0.884672315346734	0.0384425633893717	0.0384425633893717	0.0384425633893717
2	0.10058950956679	0.0150743579638745	0.68209638168666	0.202239755216509
3	0.101696819942551	0.0150743579638745	0.868154468563533	0.0150743579638745
4	0.782639316960617	0.0150743579638745	0.10058950956679	0.101696819942551
5	0.195200424970599	0.207539026300508	0.49643376280113	0.100826790361596
6	0.294161488279185	0.675689800226899	0.0150743579638745	0.0150743579638745
7	0.645465947259644	0.0861537456618248	0.182226566276379	0.0861537456618248




Gene	T37278_0.6
Motif	M073_0.6
Pos	A	C	G	U
1	0.199424614721753	0.575804567268075	0.112385411830917	0.112385411830917
2	0.213060514297798	0.112385411830917	0.56216866769203	0.112385411830917
3	0.866619154617786	0.0444602789390008	0.0444602789390008	0.0444602789390008
4	0.0217296766083052	0.0217296766083052	0.0217296766083052	0.934810973285192
5	0.934810973285192	0.0217296766083052	0.0217296766083052	0.0217296766083052
6	0.0676404753354623	0.707759806226912	0.0676404753354623	0.156959250407058
7	0.0903433244793605	0.0903433244793605	0.0903433244793605	0.7289700254379




Gene	T37236_0.6
Motif	M074_0.6
Pos	A	C	G	U
1	0.323700271419175	0.129601294234235	0.222720113745929	0.323978325180516
2	0.010278288780035	0.010278288780035	0.969165130453199	0.010278288780035
3	0.782535336692567	0.010278288780035	0.108149347573729	0.0990370237469724
4	0.969165130453199	0.010278288780035	0.010278288780035	0.010278288780035
5	0.010278288780035	0.010278288780035	0.010278288780035	0.969165130453199
6	0.010278288780035	0.010278288780035	0.969165130453199	0.010278288780035
7	0.63731459035423	0.058421634695811	0.148502516294399	0.155761259549747
8	0.310646439026569	0.130681477886001	0.334146647175505	0.2245254351749




Gene	T37226_0.6
Motif	M075_0.6
Pos	A	C	G	U
1	0.150245179456345	0.0619631097230269	0.0619631097230269	0.725828602003303
2	0.0148012128291407	0.0148012128291407	0.0148012128291407	0.955596358807824
3	0.0148012128291407	0.0148012128291407	0.0148012128291407	0.955596358807824
4	0.0148012128291407	0.0148012128291407	0.0148012128291407	0.955596358807824
5	0.0148012128291407	0.0148012128291407	0.0148012128291407	0.955596358807824
6	0.0148012128291407	0.206828780607553	0.204773290079973	0.573596713778579
7	0.0842994180014102	0.0842994180014102	0.566466532420563	0.264934626698853




Gene	T37168_0.6
Motif	M077_0.6
Pos	A	C	G	U
1	0.134653715333477	0.130355700786008	0.0534142563094468	0.681576325475596
2	0.00575932442110899	0.00575932442110899	0.00575932442110899	0.982722029586617
3	0.00575932442110899	0.00575932442110899	0.00575932442110899	0.982722029586617
4	0.00575932442110899	0.00575932442110899	0.00575932442110899	0.982722029586617
5	0.00575932442110899	0.0980410203842298	0.00575932442110899	0.890440333623496
6	0.00575932442110899	0.327792013557418	0.00575932442110899	0.660689340450305
7	0.0529684847636527	0.717499156470496	0.0529684847636527	0.176563873547152




Gene	T16855_0.6
Motif	M081_0.6
Pos	A	C	G	U
1	0.97986256700864	0.00671247789631372	0.00671247789631372	0.00671247789631372
2	0.829912227345672	0.156662817559278	0.00671247789631372	0.00671247789631372
3	0.00671247789631372	0.97986256700864	0.00671247789631372	0.00671247789631372
4	0.97986256700864	0.00671247789631372	0.00671247789631372	0.00671247789631372
5	0.0772643138116462	0.133262691177024	0.00671247789631372	0.782760517812594
6	0.00671247789631372	0.97986256700864	0.00671247789631372	0.00671247789631372
7	0.492456365143676	0.153979898203796	0.171614806337828	0.181948931706103




Gene	T16852_0.6
Motif	M082_0.6
Pos	A	C	G	U
1	0.881092803283992	0.00966555329802597	0.099576091066395	0.00966555329802597
2	0.881092803283992	0.00966555329802597	0.099576091066395	0.00966555329802597
3	0.00966555329802597	0.881092803283992	0.099576091066395	0.00966555329802597
4	0.971003341052362	0.00966555329802597	0.00966555329802597	0.00966555329802597
5	0.497567600100071	0.00966555329802597	0.099576091066395	0.393190756481947
6	0.00966555329802597	0.971003341052362	0.00966555329802597	0.00966555329802597
7	0.328968086348239	0.105498416396872	0.271539616724664	0.293993876174639




Gene	T02643_0.6
Motif	M083_0.6
Pos	A	C	G	U
1	0.0992135281373629	0.27347099480322	0.528101949686059	0.0992135281373629
2	0.135667375608708	0.572736649256284	0.237931945223168	0.0536640282546863
3	0.82128227785838	0.118722133426168	0.0299977930623292	0.0299977930623292
4	0.00587389698273713	0.00587389698273713	0.982378308905217	0.00587389698273713
5	0.00587389698273713	0.982378308905217	0.00587389698273713	0.00587389698273713
6	0.0306711405156993	0.0306711405156993	0.907986581424143	0.0306711405156993
7	0.21688422060437	0.564326912258773	0.109394432391795	0.109394432391795




Gene	T07244_0.6
Motif	M085_0.6
Pos	A	C	G	U
1	0.12362654152578	0.12362654152578	0.629120372019251	0.12362654152578
2	0.63622367622182	0.031995773301613	0.213909974746687	0.117870572332418
3	0.492981204434788	0.302090611776618	0.00803581427420333	0.196892370229056
4	0.00803581427420333	0.00803581427420333	0.00803581427420333	0.975892557892055
5	0.00803581427420333	0.00803581427420333	0.00803581427420333	0.975892557892055
6	0.975892557892055	0.00803581427420333	0.00803581427420333	0.00803581427420333
7	0.975892557892055	0.00803581427420333	0.00803581427420333	0.00803581427420333
8	0.134900949907436	0.134900949907436	0.414188879296682	0.316009217694507




Gene	T37341_0.6
Motif	M086_0.6
Pos	A	C	G	U
1	0.883916226490539	0.0978114800049842	0.00913614513548602	0.00913614513548602
2	0.285324025457105	0.00913614513548602	0.696403681038419	0.00913614513548602
3	0.890193241996951	0.00913614513548602	0.0915344644985725	0.00913614513548602
4	0.100490693940648	0.00913614513548602	0.881237012554875	0.00913614513548602
5	0.696403681038419	0.00913614513548602	0.285324025457105	0.00913614513548602
6	0.300576407647989	0.116336330645858	0.573951113337162	0.00913614513548602
7	0.326935059626775	0.145171417722364	0.494835977834618	0.0330575405590697




Gene	T37341_0.6
Motif	M087_0.6
Pos	A	C	G	U
1	0.90276845135899	0.0324105164148585	0.0324105164148585	0.0324105164148585
2	0.180600033310772	0.00802618984271389	0.803347585638674	0.00802618984271389
3	0.975921429106732	0.00802618984271389	0.00802618984271389	0.00802618984271389
4	0.0966873700510825	0.00802618984271389	0.887260248898367	0.00802618984271389
5	0.88265139421288	0.00802618984271389	0.101296224736565	0.00802618984271389
6	0.507476320689529	0.102832509631726	0.381664978470906	0.00802618984271389
7	0.514301045545382	0.141181048675074	0.312848105256227	0.0316698017686902




Gene	T37341_0.6
Motif	M088_0.6
Pos	A	C	G	U
1	0.907615942809972	0.0307946867034003	0.0307946867034003	0.0307946867034003
2	0.00680539940661136	0.00680539940661136	0.979583800478626	0.00680539940661136
3	0.979583800478626	0.00680539940661136	0.00680539940661136	0.00680539940661136
4	0.0812995256756354	0.00680539940661136	0.905089674209599	0.00680539940661136
5	0.979583800478626	0.00680539940661136	0.00680539940661136	0.00680539940661136
6	0.531303420531282	0.285003653646033	0.176887525114532	0.00680539940661136
7	0.520756483946346	0.219657975133003	0.17321649193856	0.0863690476805494




Gene	T37210_0.6
Motif	M089_0.6
Pos	A	C	G	U
1	0.941251689404914	0.0195827683623066	0.0195827683623066	0.0195827683623066
2	0.0195827683623066	0.941251689404914	0.0195827683623066	0.0195827683623066
3	0.941251689404914	0.0195827683623066	0.0195827683623066	0.0195827683623066
4	0.112324900353683	0.848509557413538	0.0195827683623066	0.0195827683623066
5	0.477098537227176	0.112324900353683	0.390993788548669	0.0195827683623066
6	0.763400416231963	0.107125616758601	0.109891193138963	0.0195827683623066
7	0.36142408371539	0.270885602322978	0.277204641472513	0.0904856794470277




Gene	T37259_0.6
Motif	M102_0.6
Pos	A	C	G	U
1	0.0330064741348171	0.0330064741348171	0.900980581181854	0.0330064741348171
2	0.263594053569917	0.00945149550162688	0.717502956598235	0.00945149550162688
3	0.890570775745253	0.00945149550162688	0.00945149550162688	0.0905262344228984
4	0.00945149550162688	0.103967999019798	0.762919910171658	0.123660596478323
5	0.00945149550162688	0.00945149550162688	0.971645514666528	0.00945149550162688
6	0.762919910171658	0.00945149550162688	0.218177099996493	0.00945149550162688
7	0.293264286431909	0.373622512763058	0.172299786514308	0.160813417021854




Gene	T37259_0.6
Motif	M103_0.6
Pos	A	C	G	U
1	0.00965532451511902	0.00965532451511902	0.971034031170204	0.00965532451511902
2	0.186153135273642	0.00965532451511902	0.794536220411681	0.00965532451511902
3	0.971034031170204	0.00965532451511902	0.00965532451511902	0.00965532451511902
4	0.00965532451511902	0.106559739752812	0.763391151979633	0.120393788467996
5	0.00965532451511902	0.00965532451511902	0.971034031170204	0.00965532451511902
6	0.763391151979633	0.00965532451511902	0.217298203705689	0.00965532451511902
7	0.312983970753302	0.308198301974468	0.192780278674256	0.186037445632929




Gene	T37259_0.6
Motif	M104_0.6
Pos	A	C	G	U
1	0.0328371276042897	0.0328371276042897	0.901488620102929	0.0328371276042897
2	0.00925910296903044	0.00925910296903044	0.972222694531267	0.00925910296903044
3	0.972222694531267	0.00925910296903044	0.00925910296903044	0.00925910296903044
4	0.00925910296903044	0.197243057618107	0.686305926944115	0.107191915907109
5	0.00925910296903044	0.00925910296903044	0.972222694531267	0.00925910296903044
6	0.590513369503245	0.00925910296903044	0.390968427997055	0.00925910296903044
7	0.360908628119485	0.190569154572861	0.367942102370767	0.0805801124217138




Gene	T37259_0.6
Motif	M105_0.6
Pos	A	C	G	U
1	0.0322045160464388	0.0322045160464388	0.903386454402843	0.0322045160464388
2	0.00863687553219887	0.00863687553219887	0.974089375176424	0.00863687553219887
3	0.974089375176424	0.00863687553219887	0.00863687553219887	0.00863687553219887
4	0.00863687553219887	0.193047176377405	0.689072028916931	0.109243920946485
5	0.00863687553219887	0.00863687553219887	0.974089375176424	0.00863687553219887
6	0.591164699843775	0.00863687553219887	0.391561550864848	0.00863687553219887
7	0.365814774758368	0.271332870453425	0.282574184832671	0.0802781663642895




Gene	T37259_0.6
Motif	M106_0.6
Pos	A	C	G	U
1	0.328310090142541	0.407810043482976	0.131939932564949	0.131939932564949
2	0.897566337024074	0.034144555969364	0.034144555969364	0.034144555969364
3	0.0101575478330609	0.0101575478330609	0.969527360979772	0.0101575478330609
4	0.0101575478330609	0.0101575478330609	0.969527360979772	0.0101575478330609
5	0.969527360979772	0.0101575478330609	0.0101575478330609	0.0101575478330609
6	0.0576934479119749	0.630209308284194	0.165632566258594	0.14646467730971
7	0.649822554246116	0.188223937559225	0.0809767527389904	0.0809767527389904
8	0.339070646505922	0.313697725478643	0.218962235940942	0.128269392101506




Gene	T37170_0.6
Motif	M108_0.6
Pos	A	C	G	U
1	0.0583238512200205	0.0583238512200205	0.0583238512200205	0.825028447265984
2	0.0583238512200205	0.0583238512200205	0.0583238512200205	0.825028447265984
3	0.228364370626413	0.0110649115400709	0.0984863164676124	0.662084404145672
4	0.116566170466092	0.0110649115400709	0.769064490179748	0.103304430593856
5	0.0110649115400709	0.0110649115400709	0.19597328654998	0.781896893149646
6	0.0110649115400709	0.0110649115400709	0.0110649115400709	0.966805268159555
7	0.057875129204755	0.057875129204755	0.057875129204755	0.826374606955291




Gene	T37369_0.6
Motif	M109_0.6
Pos	A	C	G	U
1	0.0300227815336647	0.114467186132461	0.747741686794613	0.107768346287522
2	0.00551644019436317	0.81848526323613	0.17048185782414	0.00551644019436317
3	0.00551644019436317	0.00551644019436317	0.983450680865908	0.00551644019436317
4	0.00551644019436317	0.892973140112296	0.095993980947977	0.00551644019436317
5	0.00551644019436317	0.095993980947977	0.892973140112296	0.00551644019436317
6	0.00551644019436317	0.306348197099141	0.604919930841029	0.0832154333144664
7	0.0791479336941687	0.0791479336941687	0.762556200279509	0.0791479336941687




Gene	T16855_0.6
Motif	M111_0.6
Pos	A	C	G	U
1	0.906348608959452	0.0312171297914893	0.0312171297914893	0.0312171297914893
2	0.753416547466716	0.231325744070362	0.00762885242361852	0.00762885242361852
3	0.00762885242361852	0.977113439113457	0.00762885242361852	0.00762885242361852
4	0.977113439113457	0.00762885242361852	0.00762885242361852	0.00762885242361852
5	0.00762885242361852	0.192342019516062	0.00762885242361852	0.792400272021014
6	0.00762885242361852	0.977113439113457	0.00762885242361852	0.00762885242361852
7	0.546032838368432	0.0581726967114643	0.230545965203325	0.165248499377502




Gene	T37170_0.6
Motif	M112_0.6
Pos	A	C	G	U
1	0.033203620572392	0.033203620572392	0.033203620572392	0.900389136949995
2	0.033203620572392	0.033203620572392	0.033203620572392	0.900389136949995
3	0.140105128459466	0.00926461540793371	0.0970933467063144	0.753536912824891
4	0.189910368782207	0.0991473487911722	0.613029783525547	0.0979125022996803
5	0.00926461540793371	0.00926461540793371	0.292887365456413	0.688583407126326
6	0.00926461540793371	0.0979125022996803	0.00926461540793371	0.883558270283059
7	0.0573620387217748	0.0573620387217748	0.1459332565241	0.739342663785825




Gene	T37170_0.6
Motif	M127_0.6
Pos	A	C	G	U
1	0.210756228408445	0.032594193445185	0.032594193445185	0.724055382101676
2	0.00857090268532809	0.00857090268532809	0.00857090268532809	0.97428729432617
3	0.132946422892316	0.00857090268532809	0.584140589138782	0.274342087665729
4	0.293662851838266	0.00857090268532809	0.596293650126067	0.101472597732494
5	0.00857090268532809	0.00857090268532809	0.100992081317841	0.881866115693661
6	0.00857090268532809	0.00857090268532809	0.00857090268532809	0.97428729432617
7	0.0326143621990149	0.0326143621990149	0.0326143621990149	0.902156914244607




Gene	T37235_0.6
Motif	M140_0.6
Pos	A	C	G	U
1	0.343505630007997	0.43793822555621	0.066672841334629	0.151883307423822
2	0.584888576436	0.145253214253333	0.226538599737026	0.0433196042887447
3	0.0195968961573603	0.11992478349319	0.660548608914677	0.199929710226291
4	0.941209310319437	0.0195968961573603	0.0195968961573603	0.0195968961573603
5	0.0195968961573603	0.853150122702307	0.0195968961573603	0.107656083774492
6	0.84912299226029	0.0195968961573603	0.111683214216507	0.0195968961573603
7	0.0653433824274698	0.0653433824274698	0.803969854520466	0.0653433824274698




Gene	T37205_0.6
Motif	M141_0.6
Pos	A	C	G	U
1	0.0851134560325405	0.0851134560325405	0.0851134560325405	0.744659628992954
2	0.0372940434704776	0.0372940434704776	0.888117869425434	0.0372940434704776
3	0.0128793620934383	0.0128793620934383	0.96136190992779	0.0128793620934383
4	0.0128793620934383	0.0128793620934383	0.96136190992779	0.0128793620934383
5	0.219484641829392	0.0367433908141144	0.707028582788509	0.0367433908141144
6	0.716460514185767	0.0367433908141144	0.210052710432134	0.0367433908141144
7	0.206192530246528	0.107354887026205	0.197175158881096	0.489277417765494




Gene	T37245_0.6
Motif	M142_0.6
Pos	A	C	G	U
1	0.762509870175323	0.0791633768215905	0.0791633768215905	0.0791633768215905
2	0.974051961825069	0.00864934515937539	0.00864934515937539	0.00864934515937539
3	0.00864934515937539	0.974051961825069	0.00864934515937539	0.00864934515937539
4	0.00864934515937539	0.00864934515937539	0.00864934515937539	0.974051961825069
5	0.974051961825069	0.00864934515937539	0.00864934515937539	0.00864934515937539
6	0.521991671568225	0.317983267747242	0.0325968476589352	0.127428216292518
7	0.104219040959224	0.104219040959224	0.687342879365605	0.104219040959224




Gene	T37287_0.6
Motif	M143_0.6
Pos	A	C	G	U
1	0.107772921908759	0.107772921908759	0.193821329216257	0.590632822278716
2	0.962900946691919	0.0123663508181126	0.0123663508181126	0.0123663508181126
3	0.0123663508181126	0.0123663508181126	0.0123663508181126	0.962900946691919
4	0.962900946691919	0.0123663508181126	0.0123663508181126	0.0123663508181126
5	0.103668114592932	0.109818435597131	0.127039334408889	0.659474114547305
6	0.756926199326323	0.218341098183708	0.0123663508181126	0.0123663508181126
7	0.0123663508181126	0.589474826250666	0.385792471259364	0.0123663508181126




Gene	T37281_0.6
Motif	M144_0.6
Pos	A	C	G	U
1	0.26422234159299	0.0828188627958468	0.570139930426155	0.0828188627958468
2	0.964958655249023	0.0116804468490435	0.0116804468490435	0.0116804468490435
3	0.964958655249023	0.0116804468490435	0.0116804468490435	0.0116804468490435
4	0.964958655249023	0.0116804468490435	0.0116804468490435	0.0116804468490435
5	0.964958655249023	0.0116804468490435	0.0116804468490435	0.0116804468490435
6	0.0952002235506147	0.800606449822212	0.0116804468490435	0.092512875574283
7	0.329572513135161	0.549633695541081	0.06039689710485	0.06039689710485




Gene	T25560_0.6
Motif	M145_0.6
Pos	A	C	G	U
1	0.0634475298679768	0.270051416875072	0.603053516487808	0.0634475298679768
2	0.878566052954076	0.0404779808168179	0.0404779808168179	0.0404779808168179
3	0.668123496966648	0.106939882795166	0.118834373937212	0.106102242573895
4	0.0173461894732255	0.196701104161361	0.768606513165109	0.0173461894732255
5	0.0173461894732255	0.10710741083942	0.85820020648705	0.0173461894732255
6	0.700285216186242	0.0404577148205863	0.218799362515376	0.0404577148205863
7	0.151742262229696	0.0632265887291975	0.721804557557504	0.0632265887291975




Gene	T37171_0.6
Motif	M146_0.6
Pos	A	C	G	U
1	0.757581138093524	0.0808062882916104	0.0808062882916104	0.0808062882916104
2	0.326151017023304	0.123042401487181	0.518076580241003	0.032730004207642
3	0.974428180192358	0.00852393919768473	0.00852393919768473	0.00852393919768473
4	0.974428180192358	0.00852393919768473	0.00852393919768473	0.00852393919768473
5	0.974428180192358	0.00852393919768473	0.00852393919768473	0.00852393919768473
6	0.772857397359491	0.119943631515674	0.098675029712564	0.00852393919768473
7	0.6872890442497	0.203573134184849	0.00852393919768473	0.10061388015318




Gene	T37180_0.6
Motif	M147_0.6
Pos	A	C	G	U
1	0.0289260721554996	0.168882979546732	0.773264876772799	0.0289260721554996
2	0.984561125294953	0.00514629085692418	0.00514629085692418	0.00514629085692418
3	0.00514629085692418	0.914510454247717	0.075196961904161	0.00514629085692418
4	0.984561125294953	0.00514629085692418	0.00514629085692418	0.00514629085692418
5	0.00514629085692418	0.184167701849805	0.805539714302068	0.00514629085692418
6	0.984561125294953	0.00514629085692418	0.00514629085692418	0.00514629085692418
7	0.301008210512597	0.184126594839406	0.209704356603704	0.305160835363742




Gene	T37199_0.6
Motif	M148_0.6
Pos	A	C	G	U
1	0.974659063714268	0.00844697756161774	0.00844697756161774	0.00844697756161774
2	0.283085945567195	0.00844697756161774	0.70002009570869	0.00844697756161774
3	0.974659063714268	0.00844697756161774	0.00844697756161774	0.00844697756161774
4	0.974659063714268	0.00844697756161774	0.00844697756161774	0.00844697756161774
5	0.193759322124929	0.0955764367951483	0.702217259917426	0.00844697756161774
6	0.974659063714268	0.00844697756161774	0.00844697756161774	0.00844697756161774
7	0.224875901129375	0.312169586293529	0.225891494291442	0.23706301907418




Gene	T37222_0.6
Motif	M149_0.6
Pos	A	C	G	U
1	0.169792511215775	0.45246912127402	0.164509463052899	0.213228903790404
2	0.0969297458225215	0.0919880574446695	0.00658218974642937	0.804500007214712
3	0.00658218974642937	0.00658218974642937	0.00658218974642937	0.980253430989041
4	0.00658218974642937	0.00658218974642937	0.00658218974642937	0.980253430989041
5	0.00658218974642937	0.00658218974642937	0.00658218974642937	0.980253430989041
6	0.00658218974642937	0.00658218974642937	0.0905657264724462	0.896269894263026
7	0.0305356185277595	0.0305356185277595	0.0305356185277595	0.908393145775856




Gene	T37244_0.6
Motif	M150_0.6
Pos	A	C	G	U
1	0.120423343332728	0.0303640190993599	0.0303640190993599	0.818848617321133
2	0.00604678406505991	0.00604678406505991	0.00604678406505991	0.981859645996802
3	0.00604678406505991	0.00604678406505991	0.00604678406505991	0.981859645996802
4	0.00604678406505991	0.00604678406505991	0.00604678406505991	0.981859645996802
5	0.00604678406505991	0.00604678406505991	0.00604678406505991	0.981859645996802
6	0.00604678406505991	0.093329554441326	0.0951580423584172	0.805465617327178
7	0.0784562340543257	0.174053246759709	0.551652053306899	0.195838467666167




Gene	T37246_0.6
Motif	M151_0.6
Pos	A	C	G	U
1	0.0557478958883364	0.120904894178528	0.76759931390158	0.0557478958883364
2	0.0294872868826102	0.0917731362911218	0.849252289881937	0.0294872868826102
3	0.0991002611617576	0.0697193123163769	0.825350865254305	0.00582956040783162
4	0.760796001052865	0.0697193123163769	0.0703844246092701	0.0991002611617576
5	0.00582956040783162	0.0697193123163769	0.812195562809978	0.112255563606083
6	0.00582956040783162	0.0697193123163769	0.918621566008226	0.00582956040783162
7	0.136873671758162	0.136239870741706	0.651528619828318	0.0753578360335201




Gene	T18793_0.6
Motif	M152_0.6
Pos	A	C	G	U
1	0.59461678301494	0.135127740080643	0.135127740080643	0.135127740080643
2	0.883468603472907	0.0388437981172282	0.0388437981172282	0.0388437981172282
3	0.0156043133130774	0.377852649233234	0.0156043133130774	0.590938720590541
4	0.0156043133130774	0.0156043133130774	0.953187056510698	0.0156043133130774
5	0.862000244280145	0.0156043133130774	0.10679112554363	0.0156043133130774
6	0.10679112554363	0.862000244280145	0.0156043133130774	0.0156043133130774
7	0.586908215748519	0.0156043133130774	0.381883154075256	0.0156043133130774
8	0.608334201725063	0.130555267829521	0.130555267829521	0.130555267829521




Gene	T06788_0.6
Motif	M153_0.6
Pos	A	C	G	U
1	0.11211003547745	0.575849583428707	0.11211003547745	0.199930349464268
2	0.0617894991665358	0.146185409259166	0.730235588185672	0.0617894991665358
3	0.0950240254370463	0.0998166033265825	0.790095736460392	0.0150636395841056
4	0.870056122313332	0.0998166033265825	0.0150636395841056	0.0150636395841056
5	0.0150636395841056	0.0998166033265825	0.870056122313332	0.0150636395841056
6	0.0150636395841056	0.0998166033265825	0.870056122313332	0.0150636395841056
7	0.444436635457197	0.144544113022402	0.349923495128337	0.0610957577530284




Gene	T37259_0.6
Motif	M154_0.6
Pos	A	C	G	U
1	0.0839260428943198	0.0839260428943198	0.748221868906303	0.0839260428943198
2	0.0320012876579039	0.0320012876579039	0.903996138860931	0.0320012876579039
3	0.682892651008082	0.00856970229059915	0.29996794629357	0.00856970229059915
4	0.10141816961188	0.00856970229059915	0.881442427689769	0.00856970229059915
5	0.0796785053628415	0.0792378364929286	0.832513957736482	0.00856970229059915
6	0.832374390592383	0.102826922955015	0.0323993435304212	0.0323993435304212
7	0.200980990252196	0.221259632449877	0.520674697139927	0.0570846760890824




Gene	T37173_0.6
Motif	M155_0.6
Pos	A	C	G	U
1	0.0907682404906852	0.180151857140958	0.1781816578809	0.550898248191849
2	0.0199239224943476	0.0199239224943476	0.854568986608572	0.105583168147867
3	0.0199239224943476	0.0199239224943476	0.0199239224943476	0.94022823226209
4	0.0199239224943476	0.0199239224943476	0.129432524972886	0.830719629783553
5	0.0199239224943476	0.572492640798828	0.38765951395761	0.0199239224943476
6	0.0199239224943476	0.0199239224943476	0.656334792599012	0.303817362157426
7	0.066065187365222	0.066065187365222	0.152229535786847	0.715640095358957




Gene	T37226_0.6
Motif	M156_0.6
Pos	A	C	G	U
1	0.217648333949277	0.125438051273838	0.0343102638228309	0.622603347883168
2	0.0101956190607588	0.0101956190607588	0.0101956190607588	0.969413144078479
3	0.0992463255303413	0.0101956190607588	0.0101956190607588	0.880362437608896
4	0.0101956190607588	0.0101956190607588	0.0101956190607588	0.969413144078479
5	0.0101956190607588	0.0101956190607588	0.0101956190607588	0.969413144078479
6	0.0101956190607588	0.0101956190607588	0.106243551038915	0.873365212100323
7	0.0821831264589834	0.471503209895933	0.184046685791947	0.262266981185982




Gene	T37298_0.6
Motif	M157_0.6
Pos	A	C	G	U
1	0.0839638134106351	0.0839638134106351	0.0839638134106351	0.748108561015905
2	0.0101230245094823	0.0101230245094823	0.880222034440169	0.099531919453341
3	0.0101230245094823	0.0101230245094823	0.0101230245094823	0.969630929384028
4	0.0101230245094823	0.0101230245094823	0.772610843868289	0.207143110025222
5	0.0101230245094823	0.0101230245094823	0.096110077977577	0.883643875915934
6	0.0101230245094823	0.0101230245094823	0.734305229570154	0.245448724323356
7	0.0571670668800106	0.0571670668800106	0.228839419569028	0.656826444156097




Gene	T37324_0.6
Motif	M158_0.6
Pos	A	C	G	U
1	0.539994101908106	0.1802351520845	0.0797502721051169	0.200020472182598
2	0.00531105731434936	0.00531105731434936	0.00531105731434936	0.984066826153735
3	0.00531105731434936	0.00531105731434936	0.00531105731434936	0.984066826153735
4	0.00531105731434936	0.00531105731434936	0.00531105731434936	0.984066826153735
5	0.00531105731434936	0.00531105731434936	0.00531105731434936	0.984066826153735
6	0.00531105731434936	0.00531105731434936	0.00531105731434936	0.984066826153735
7	0.0532406055196184	0.131116830321795	0.255009599024897	0.560632966996189




Gene	T37178_0.6
Motif	M159_0.6
Pos	A	C	G	U
1	0.312096560381765	0.0517475986102623	0.0517475986102623	0.584408242979162
2	0.004218445786123	0.004218445786123	0.98734466264412	0.004218445786123
3	0.004218445786123	0.98734466264412	0.004218445786123	0.004218445786123
4	0.98734466264412	0.004218445786123	0.004218445786123	0.004218445786123
5	0.004218445786123	0.004218445786123	0.004218445786123	0.98734466264412
6	0.004218445786123	0.004218445786123	0.98734466264412	0.004218445786123
7	0.313687816216559	0.481444869244603	0.102433657159761	0.102433657159761




Gene	T18797_0.6
Motif	M160_0.6
Pos	A	C	G	U
1	0.798664692158047	0.0339552528238548	0.0339552528238548	0.133424804590437
2	0.00974615106707635	0.00974615106707635	0.00974615106707635	0.970761549092077
3	0.884217686096699	0.00974615106707635	0.00974615106707635	0.0962900140624551
4	0.970761549092077	0.00974615106707635	0.00974615106707635	0.00974615106707635
5	0.878450315964202	0.00974615106707635	0.00974615106707635	0.102057384194952
6	0.899438906606131	0.033520364762217	0.033520364762217	0.033520364762217
7	0.286278996544742	0.195872427396893	0.413269602673414	0.104578972504055




Gene	T37162_0.6
Motif	M161_0.6
Pos	A	C	G	U
1	0.457687607024785	0.278486995143315	0.0863405493602015	0.177484853839664
2	0.860464297674414	0.0159858130385311	0.0159858130385311	0.107564075508787
3	0.0159858130385311	0.0159858130385311	0.0159858130385311	0.95204256014467
4	0.0159858130385311	0.95204256014467	0.0159858130385311	0.0159858130385311
5	0.0159858130385311	0.95204256014467	0.0159858130385311	0.0159858130385311
6	0.95204256014467	0.0159858130385311	0.0159858130385311	0.0159858130385311
7	0.278215475391954	0.086146150080073	0.54949222127343	0.086146150080073




Gene	T37319_0.6
Motif	M162_0.6
Pos	A	C	G	U
1	0.754943533590485	0.0816854907601892	0.0816854907601892	0.0816854907601892
2	0.201445824088658	0.0365941808673872	0.72536581120475	0.0365941808673872
3	0.960027197747161	0.0133242685669419	0.0133242685669419	0.0133242685669419
4	0.960027197747161	0.0133242685669419	0.0133242685669419	0.0133242685669419
5	0.960027197747161	0.0133242685669419	0.0133242685669419	0.0133242685669419
6	0.463978197155205	0.111675242998777	0.196267479390882	0.228079083903123
7	0.111061796079808	0.18049313004597	0.0133242685669419	0.695120808755268




Gene	T22210_0.6
Motif	M163_0.6
Pos	A	C	G	U
1	0.71339123964659	0.161112421195536	0.0627481663279934	0.0627481663279934
2	0.396294530223585	0.487741564026364	0.0155883576168768	0.10037555329662
3	0.784814912894653	0.0992211813552945	0.0155883576168768	0.10037555329662
4	0.38750354390118	0.298010062614492	0.0155883576168768	0.298898041030897
5	0.575991875530085	0.109521730985588	0.0155883576168768	0.298898041030897
6	0.199370403638837	0.769452886290855	0.0155883576168768	0.0155883576168768
7	0.863386259659566	0.105437030270127	0.0155883576168768	0.0155883576168768




Gene	T37272_0.6
Motif	M164_0.6
Pos	A	C	G	U
1	0.173860000933686	0.173712287392434	0.0834283668792878	0.568999340182762
2	0.894004101993321	0.0353319651230926	0.0353319651230926	0.0353319651230926
3	0.0111466082281208	0.0111466082281208	0.0111466082281208	0.966560174355864
4	0.966560174355864	0.0111466082281208	0.0111466082281208	0.0111466082281208
5	0.107702475865125	0.0111466082281208	0.0111466082281208	0.87000430671886
6	0.798881380268098	0.0349393361289021	0.0349393361289021	0.131239946479399
7	0.148494989396707	0.246917016009089	0.365980362332842	0.238607636950315




Gene	T37256_0.6
Motif	M167_0.6
Pos	A	C	G	U
1	0.0345599217136254	0.0345599217136254	0.0345599217136254	0.896320230826985
2	0.966920599644187	0.0110264664414731	0.0110264664414731	0.0110264664414731
3	0.0110264664414731	0.0110264664414731	0.966920599644187	0.0110264664414731
4	0.110708273625208	0.100671958864918	0.202113005130197	0.586506761348283
5	0.361518820358638	0.0110264664414731	0.100974778706823	0.526479933461672
6	0.56358453575312	0.0577262188138635	0.320963025342606	0.0577262188138635
7	0.102479925693738	0.102479925693738	0.69256022136361	0.102479925693738




Gene	T37228_0.6
Motif	M168_0.6
Pos	A	C	G	U
1	0.088446272006591	0.088446272006591	0.64373128728228	0.179376168620637
2	0.0426864246498578	0.0426864246498578	0.134522257838897	0.780104887898506
3	0.483217102884452	0.0191687652790634	0.390884609854576	0.106729513396931
4	0.193813087023597	0.0191687652790634	0.680606742042899	0.106411397069464
5	0.121680980787894	0.0191687652790634	0.106729513396931	0.752420731951134
6	0.0419317486496899	0.0419317486496899	0.591886975063281	0.324249525895581
7	0.0872249858436252	0.0872249858436252	0.26202317651027	0.563526860920609




Gene	T37271_0.6
Motif	M169_0.6
Pos	A	C	G	U
1	0.646437224542651	0.0572514445956073	0.239059885156503	0.0572514445956073
2	0.0100372821798102	0.969888148589857	0.0100372821798102	0.0100372821798102
3	0.969888148589857	0.0100372821798102	0.0100372821798102	0.0100372821798102
4	0.185489095946425	0.520360028278535	0.0924052250478029	0.201745645856526
5	0.759426910859541	0.0100372821798102	0.220498519910126	0.0100372821798102
6	0.0100372821798102	0.969888148589857	0.0100372821798102	0.0100372821798102
7	0.969888148589857	0.0100372821798102	0.0100372821798102	0.0100372821798102




Gene	T37221_0.6
Motif	M175_0.6
Pos	A	C	G	U
1	0.47180393842836	0.0812586920384489	0.0812586920384489	0.365678677404633
2	0.009062811327394	0.009062811327394	0.972811566173626	0.009062811327394
3	0.292600891493123	0.009062811327394	0.009062811327394	0.689273486007894
4	0.009062811327394	0.009062811327394	0.972811566173626	0.009062811327394
5	0.009062811327394	0.009062811327394	0.009062811327394	0.972811566173626
6	0.009062811327394	0.009062811327394	0.972811566173626	0.009062811327394
7	0.535514698500703	0.0573267983817584	0.157537103319216	0.249621402755809




Gene	T18791_0.6
Motif	M176_0.6
Pos	A	C	G	U
1	0.357306105607024	0.0824050576287644	0.477883780986725	0.0824050576287644
2	0.868569443131593	0.108170637144196	0.0116299572300182	0.0116299572300182
3	0.0116299572300182	0.102158838231892	0.0116299572300182	0.874581242043898
4	0.784052361042024	0.0116299572300182	0.0116299572300182	0.192687719233765
5	0.965110123045771	0.0116299572300182	0.0116299572300182	0.0116299572300182
6	0.87496910003824	0.0116299572300182	0.0116299572300182	0.101770980237549
7	0.516879064824388	0.318808278611882	0.0362016621914547	0.128110990255524




Gene	T18807_0.6
Motif	M177_0.6
Pos	A	C	G	U
1	0.0607771303349761	0.817668603528926	0.0607771303349761	0.0607771303349761
2	0.102003277503341	0.868662521229795	0.014667100382603	0.014667100382603
3	0.291028483512214	0.110004579925396	0.014667100382603	0.584299835678128
4	0.373745352018156	0.014667100382603	0.014667100382603	0.596920446714979
5	0.38479869763213	0.19156662127764	0.014667100382603	0.408967580205969
6	0.014667100382603	0.955998698350532	0.014667100382603	0.014667100382603
7	0.014667100382603	0.955998698350532	0.014667100382603	0.014667100382603




Gene	T37269_0.6
Motif	M178_0.6
Pos	A	C	G	U
1	0.0603265341719456	0.0603265341719456	0.0603265341719456	0.819020397058174
2	0.0130412745122818	0.0130412745122818	0.960876174794284	0.0130412745122818
3	0.0130412745122818	0.0130412745122818	0.0130412745122818	0.960876174794284
4	0.0130412745122818	0.0130412745122818	0.858392416876179	0.115525032430386
5	0.202543478392952	0.0130412745122818	0.400628525557848	0.383786719868048
6	0.0130412745122818	0.0130412745122818	0.478254426039564	0.495663023267001
7	0.0602729456470117	0.0602729456470117	0.73174716908235	0.147706944715558




Gene	T37164_0.6
Motif	M227_0.6
Pos	A	C	G	U
1	0.242167906483945	0.538757814116453	0.0620047828924924	0.157069502776823
2	0.0386394043101561	0.218875523399963	0.0386394043101561	0.703845667851465
3	0.0153006866458545	0.0153006866458545	0.0153006866458545	0.954097937591383
4	0.0153006866458545	0.0153006866458545	0.0153006866458545	0.954097937591383
5	0.0153006866458545	0.109172440256752	0.0153006866458545	0.860226183980486
6	0.0153006866458545	0.675671270220875	0.0153006866458545	0.293727354016363
7	0.0620811983914765	0.158058184743783	0.0620811983914765	0.717779421142082




Gene	T37164_0.6
Motif	M228_0.6
Pos	A	C	G	U
1	0.482936162034527	0.211619116050725	0.108073003339822	0.197371726256809
2	0.0156051531711325	0.670411914976443	0.0156051531711325	0.298377776181234
3	0.0156051531711325	0.0156051531711325	0.0156051531711325	0.953184537986546
4	0.106236137797794	0.0156051531711325	0.0156051531711325	0.862553553359885
5	0.106236137797794	0.0156051531711325	0.0156051531711325	0.862553553359885
6	0.0388301585568273	0.691174903850627	0.0388301585568273	0.231164778873468
7	0.0625021928379392	0.162215716981647	0.0625021928379392	0.712779901427627




Gene	T37170_0.6
Motif	M232_0.6
Pos	A	C	G	U
1	0.00988973714483012	0.113670611300259	0.107291232460311	0.769148420297064
2	0.00988973714483012	0.00988973714483012	0.00988973714483012	0.970330789767973
3	0.107238070969978	0.00988973714483012	0.00988973714483012	0.872982455942825
4	0.0961095989936245	0.00988973714483012	0.0964640089291772	0.797536656134831
5	0.00988973714483012	0.00988973714483012	0.0950463691869666	0.885174157725837
6	0.00988973714483012	0.100592884678366	0.0950463691869666	0.794471010192301
7	0.00988973714483012	0.103463605156342	0.195407187464312	0.691239471436978




Gene	T37224_0.6
Motif	M245_0.6
Pos	A	C	G	U
1	0.1	0.9	0	0
2	0.1	0.8	0.05	0.05
3	0	0.1	0.9	0
4	0.95	0.05	0	0
5	1	0	0	0
6	1	0	0	0
7	0.1	0	0.45	0.45
8	0	1	0	0
9	0	1	0	0
10	0	1	0	0
11	0	0	1	0
12	1	0	0	0
13	1	0	0	0
14	0	0.05	0.95	0
15	0	0	0.05	0.95
16	1	0	0	0
17	0.05	0.2	0.65	0.1
18	0	0.05	0.85	0.1




Gene	T37368_0.6
Motif	M246_0.6
Pos	A	C	G	U
1	0	1	0	0
2	0.31578947368421	0.026315789473684	0	0.65789473684211
3	0	1	0	0
4	1	0	0	0
5	1	0	0	0




Gene	T37368_0.6
Motif	M247_0.6
Pos	A	C	G	U
1	0.019230769230769	0.98076923076923	0	0
2	0.21153846153846	0	0	0.78846153846154
3	0.019230769230769	0.96153846153846	0	0.019230769230769
4	0.88461538461538	0.096153846153846	0	0.019230769230769
5	0.96078431372549	0	0.019607843137255	0.019607843137255




Gene	T61860_0.6
Motif	M256_0.6
Pos	A	C	G	U
1	0.054545454545455	0.63636363636364	0.14545454545455	0.16363636363636
2	0.8	0.054545454545455	0.018181818181818	0.12727272727273
3	0.16363636363636	0	0.81818181818182	0.018181818181818
4	0.16363636363636	0.072727272727273	0.18181818181818	0.58181818181818
5	0.2	0.12727272727273	0.63636363636364	0.036363636363636
6	0.29090909090909	0.4	0.090909090909091	0.21818181818182




Gene	T18792_0.6
Motif	M262_0.6
Pos	A	C	G	U
1	0.070175438596491	0.035087719298246	0.10526315789474	0.78947368421053
2	1	0	0	0
3	0	1	0	0
4	0	0	0	1
5	1	0	0	0
6	1	0	0	0
7	0	0.87719298245614	0	0.12280701754386




Gene	T02638_0.6
Motif	M269_0.6
Pos	A	C	G	U
1	1	0	0	0
2	1	0	0	0
3	0.4	0.2	0	0.4
4	1	0	0	0
5	1	0	0	0
6	0.6	0	0.4	0
7	0	0.2	0.4	0.4
8	1	0	0	0
9	1	0	0	0
10	1	0	0	0
11	0	0	1	0




Gene	T37258_0.6
Motif	M271_0.6
Pos	A	C	G	U
1	0	0.042553191489362	0	0.95744680851064
2	1	0	0	0
3	0	0	1	0
4	0.021276595744681	0	0.97872340425532	0
5	0.1063829787234	0.021276595744681	0.78723404255319	0.085106382978723
6	0.5531914893617	0	0	0.4468085106383




Gene	T37259_0.6
Motif	M272_0.6
Pos	A	C	G	U
1	0.55	0.05	0.3	0.1
2	0	0.05	0.95	0
3	0.85	0	0.1	0.05
4	0.8	0.05	0.1	0.05
5	0.05	0.05	0.85	0.05
6	0.6	0	0.4	0
7	0.75	0	0.25	0
8	0	0.9	0	0.1




Gene	T37259_0.6
Motif	M273_0.6
Pos	A	C	G	U
1	0.82352941176471	0.058823529411765	0.058823529411765	0.058823529411765
2	0	1	0	0
3	0	0	1	0
4	0	0.94117647058824	0.058823529411765	0
5	0	0	0.88235294117647	0.11764705882353
6	0.11764705882353	0.88235294117647	0	0
7	0.52941176470588	0.058823529411765	0.29411764705882	0.11764705882353




Gene	T37299_0.6
Motif	M274_0.6
Pos	A	C	G	U
1	0	0	1	0
2	0.090909090909091	0.090909090909091	0	0.81818181818182
3	0.090909090909091	0	0	0.90909090909091
4	0	0.90909090909091	0.090909090909091	0
5	0	0.27272727272727	0.72727272727273	0
6	1	0	0	0
7	0	0	1	0
8	0.090909090909091	0	0.27272727272727	0.63636363636364
9	0.54545454545455	0	0.090909090909091	0.36363636363636




Gene	T37171_0.6
Motif	M275_0.6
Pos	A	C	G	U
1	1	0	0	0
2	1	0	0	0
3	1	0	0	0
4	1	0	0	0
5	1	0	0	0




Gene	T37167_0.6
Motif	M290_0.6
Pos	A	C	G	U
1	0.076923076923077	0.15384615384615	0.53846153846154	0.23076923076923
2	0	0.23076923076923	0	0.76923076923077
3	0.23076923076923	0.30769230769231	0	0.46153846153846
4	0	0	1	0
5	0	0	1	0
6	0.92307692307692	0.076923076923077	0	0
7	0.69230769230769	0.23076923076923	0	0.076923076923077




Gene	T37167_0.6
Motif	M291_0.6
Pos	A	C	G	U
1	0.16	0.16	0.68	0
2	0	0.68	0.04	0.28
3	0.12	0.2	0.44	0.24
4	0	0	1	0
5	0.44	0	0.56	0
6	1	0	0	0
7	0.36	0.64	0	0




Gene	T37167_0.6
Motif	M292_0.6
Pos	A	C	G	U
1	0.10526315789474	0	0.89473684210526	0
2	0	0	1	0
3	1	0	0	0
4	0.68421052631579	0.26315789473684	0.052631578947368	0




Gene	T22211_0.6
Motif	M296_0.6
Pos	A	C	G	U
1	0.91666666666667	0	0.083333333333333	0
2	0.91666666666667	0	0	0.083333333333333
3	0	0	1	0
4	0	1	0	0
5	1	0	0	0
6	0	0.75	0	0.25
7	0	0.75	0.25	0
8	0	1	0	0
9	0	0.25	0.75	0
10	0	0.090909090909091	0	0.90909090909091
11	0	0	0	1




Gene	T37178_0.6
Motif	M298_0.6
Pos	A	C	G	U
1	0.042553191489362	0	0	0.95744680851064
2	0	0	1	0
3	0	1	0	0
4	1	0	0	0
5	0	0	0	1
6	0	0	1	0




Gene	T37274_0.6
Motif	M307_0.6
Pos	A	C	G	U
1	1	0	0	0
2	0	0	1	0
3	0	0	1	0
4	0	0	1	0
5	0.89655172413793	0	0	0.10344827586207




Gene	T25561_0.6
Motif	M316_0.6
Pos	A	C	G	U
1	0	0	1	0
2	0	0	1	0
3	0	0	0	1
4	0	0	1	0




Gene	T37177_0.6
Motif	M317_0.6
Pos	A	C	G	U
1	0.77777777777778	0	0	0.22222222222222
2	0	0	0	1
3	0.11111111111111	0	0	0.88888888888889
4	0	0	1	0
5	0	1	0	0
6	1	0	0	0
7	0	1	0	0
8	0.22222222222222	0.22222222222222	0.11111111111111	0.44444444444444




Gene	T37177_0.6
Motif	M318_0.6
Pos	A	C	G	U
1	0.81818181818182	0.090909090909091	0	0.090909090909091
2	0.090909090909091	0	0	0.90909090909091
3	0.090909090909091	0	0	0.90909090909091
4	0	0	0.90909090909091	0.090909090909091
5	0	1	0	0
6	1	0	0	0
7	0	1	0	0




Gene	T37177_0.6
Motif	M319_0.6
Pos	A	C	G	U
1	1	0	0	0
2	0.090909090909091	0	0	0.90909090909091
3	0	0	0	1
4	0	0	1	0
5	0	1	0	0
6	1	0	0	0
7	0	1	0	0




Gene	T02652_0.6
Motif	M320_0.6
Pos	A	C	G	U
1	0	0.42009132420091	0	0.57990867579909
2	0	0.0045662100456621	0.99543378995434	0
3	0	0.99543378995434	0.0045662100456621	0
4	0	0.19634703196347	0	0.80365296803653




Gene	T18788_0.6
Motif	M323_0.6
Pos	A	C	G	U
1	0.16666666666667	0	0.83333333333333	0
2	0.16666666666667	0.25	0.58333333333333	0
3	0.58333333333333	0	0.41666666666667	0
4	0	0	1	0
5	1	0	0	0
6	0	0	1	0
7	0.083333333333333	0	0.083333333333333	0.83333333333333
8	0	1	0	0
9	1	0	0	0
10	0	0	0	1
11	0.33333333333333	0.33333333333333	0	0.33333333333333
12	0.083333333333333	0.5	0.41666666666667	0
13	0	0.83333333333333	0	0.16666666666667




Gene	T18788_0.6
Motif	M325_0.6
Pos	A	C	G	U
1	0.42857142857143	0	0.28571428571429	0.28571428571429
2	0	0.42857142857143	0.57142857142857	0
3	0.28571428571429	0.28571428571429	0.42857142857143	0
4	0	0	0.14285714285714	0.85714285714286
5	0.14285714285714	0.28571428571429	0.28571428571429	0.28571428571429
6	0.42857142857143	0.28571428571429	0.14285714285714	0.14285714285714
7	0.28571428571429	0.28571428571429	0.42857142857143	0
8	0.14285714285714	0.57142857142857	0.14285714285714	0.14285714285714
9	0.28571428571429	0	0	0.71428571428571
10	0	0	0	1
11	0	1	0	0
12	1	0	0	0
13	0	0.71428571428571	0	0.28571428571429
14	0.28571428571429	0.57142857142857	0.14285714285714	0
15	0	1	0	0
16	0	1	0	0




Gene	T37215_0.6
Motif	M328_0.6
Pos	A	C	G	U
1	0.42105263157895	0.31578947368421	0.052631578947368	0.21052631578947
2	0.090909090909091	0.18181818181818	0	0.72727272727273
3	0.090909090909091	0.45454545454545	0.13636363636364	0.31818181818182
4	0.39130434782609	0.52173913043478	0.043478260869565	0.043478260869565
5	0	0	0	1
6	0.037037037037037	0	0	0.96296296296296
7	0	0	0.037037037037037	0.96296296296296
8	0.25925925925926	0.11111111111111	0.14814814814815	0.48148148148148
9	0.11111111111111	0.14814814814815	0.11111111111111	0.62962962962963
10	0.36	0.08	0.12	0.44
11	0.090909090909091	0	0.090909090909091	0.81818181818182
12	0.15	0	0.05	0.8
13	0.17647058823529	0.41176470588235	0.058823529411765	0.35294117647059
14	0.14285714285714	0.14285714285714	0.42857142857143	0.28571428571429




Gene	T37215_0.6
Motif	M329_0.6
Pos	A	C	G	U
1	0.25	0	0	0.75
2	0	0.05	0	0.95
3	0	0	0	1
4	0	0.05	0.05	0.9
5	0.9	0	0.1	0
6	0	0	0.05	0.95
7	0.2	0	0	0.8
8	0	0.05	0.1	0.85
9	0.35	0	0.05	0.6




Gene	T37215_0.6
Motif	M330_0.6
Pos	A	C	G	U
1	0.33333333333333	0	0	0.66666666666667
2	0	0	0	1
3	0	0.16666666666667	0	0.83333333333333
4	0	0.33333333333333	0	0.66666666666667
5	0.83333333333333	0	0.16666666666667	0
6	0.16666666666667	0.16666666666667	0	0.66666666666667
7	0	0	0	1
8	0	0	0	1
9	0	0	0	1




Gene	T07243_0.6
Motif	M331_0.6
Pos	A	C	G	U
1	0.7906976744186	0.13953488372093	0.023255813953488	0.046511627906977
2	0.069767441860465	0.023255813953488	0.83720930232558	0.069767441860465
3	0.93023255813953	0.069767441860465	0	0
4	0	0.97674418604651	0	0.023255813953488
5	0.13953488372093	0.023255813953488	0.3953488372093	0.44186046511628
6	0.95348837209302	0.023255813953488	0	0.023255813953488
7	0	0.88372093023256	0.046511627906977	0.069767441860465
8	0.11627906976744	0	0.88372093023256	0
9	0.72093023255814	0.11627906976744	0	0.16279069767442
10	0.069767441860465	0.2093023255814	0.13953488372093	0.58139534883721




Gene	T37299_0.6
Motif	M332_0.6
Pos	A	C	G	U
1	0.068965517241379	0	0.20689655172414	0.72413793103448
2	0	0	1	0
3	0.068965517241379	0	0	0.93103448275862
4	0.03448275862069	0	0	0.96551724137931
5	0	1	0	0
6	0	0.55172413793103	0.44827586206897	0
7	0.93103448275862	0	0.03448275862069	0.03448275862069
8	0	0	1	0
9	0.58620689655172	0.10344827586207	0.03448275862069	0.27586206896552
10	0.17241379310345	0.03448275862069	0.13793103448276	0.6551724137931




Gene	T37219_0.6
Motif	M333_0.6
Pos	A	C	G	U
1	0.81081081081081	0.081081081081081	0	0.10810810810811
2	0.027027027027027	0.054054054054054	0.91891891891892	0
3	0.027027027027027	0.27027027027027	0.7027027027027	0
4	0.89189189189189	0.081081081081081	0	0.027027027027027
5	0.13513513513514	0.45945945945946	0.32432432432432	0.081081081081081




Gene	T37275_0.6
Motif	M344_0.6
Pos	A	C	G	U
1	0	1	0	0
2	0	1	0	0
3	0.66666666666667	0.33333333333333	0	0
4	0	0.25	0.41666666666667	0.33333333333333




Gene	T37177_0.6
Motif	M345_0.6
Pos	A	C	G	U
1	0	0	1	0
2	0.53333333333333	0	0.13333333333333	0.33333333333333
3	0.2	0	0	0.8
4	0.33333333333333	0	0	0.66666666666667
5	0	1	0	0
6	0	0.86666666666667	0.13333333333333	0
7	0.33333333333333	0.066666666666667	0	0.6
8	0	0	1	0
9	0	0.73333333333333	0	0.26666666666667
10	0.13333333333333	0.066666666666667	0	0.8
11	0.93333333333333	0.066666666666667	0	0




Gene	T37177_0.6
Motif	M346_0.6
Pos	A	C	G	U
1	0.125	0.0625	0.75	0.0625
2	0.0625	0.0625	0.8125	0.0625
3	0.0625	0	0.75	0.1875
4	0.1875	0	0.25	0.5625
5	0.9375	0	0.0625	0
6	0.13333333333333	0	0	0.86666666666667
7	0	0	1	0
8	0	1	0	0
9	0	0.125	0.0625	0.8125
10	0	0	0.9375	0.0625




Gene	T37177_0.6
Motif	M347_0.6
Pos	A	C	G	U
1	0.23076923076923	0	0.69230769230769	0.076923076923077
2	0.46153846153846	0.23076923076923	0.23076923076923	0.076923076923077
3	0	0	1	0
4	0	1	0	0
5	1	0	0	0
6	0	0	1	0
7	0	0	0	1
8	0.92307692307692	0	0.076923076923077	0
9	0	0	1	0
10	0	0	0.53846153846154	0.46153846153846
11	0	0.38461538461538	0.61538461538462	0




Gene	T37177_0.6
Motif	M348_0.6
Pos	A	C	G	U
1	0.6875	0	0.0625	0.25
2	0	0.25	0.75	0
3	0	0	0.9375	0.0625
4	0.75	0.125	0.125	0
5	0.0625	0	0.8125	0.125
6	0.875	0.0625	0.0625	0
7	0.0625	0.0625	0.125	0.75




Gene	T37171_0.6
Motif	M349_0.6
Pos	A	C	G	U
1	1	0	0	0
2	0.14285714285714	0.85714285714286	0	0
3	0.28571428571429	0	0.28571428571429	0.42857142857143
4	0.85714285714286	0	0.14285714285714	0
5	1	0	0	0
6	0	0.28571428571429	0.14285714285714	0.57142857142857
7	0.42857142857143	0.42857142857143	0.14285714285714	0




Gene	T02638_0.6
Motif	M350_0.6
Pos	A	C	G	U
1	0.1875	0.0625	0	0.75
2	0.0625	0	0.0625	0.875
3	0.9375	0	0.0625	0
4	0	0	0	1
5	0	0	0	1
6	0	0	0	1
7	0.875	0.0625	0.0625	0
8	0.375	0	0	0.625
9	0.0625	0.125	0.25	0.5625




Gene	T37259_0.6
Motif	M351_0.6
Pos	A	C	G	U
1	0.55555555555556	0.11111111111111	0.11111111111111	0.22222222222222
2	0.22222222222222	0	0.55555555555556	0.22222222222222
3	0.027777777777778	0	0.94444444444444	0.027777777777778
4	0.97222222222222	0.027777777777778	0	0
5	0.055555555555556	0.91666666666667	0.027777777777778	0
6	0.55555555555556	0	0.38888888888889	0.055555555555556
7	0.27777777777778	0	0.69444444444444	0.027777777777778
8	0.94444444444444	0.027777777777778	0.027777777777778	0
9	0.22222222222222	0.055555555555556	0.72222222222222	0
10	0	0.97222222222222	0	0.027777777777778




Gene	T37299_0.6
Motif	M352_0.6
Pos	A	C	G	U
1	0.88461538461538	0.038461538461538	0.038461538461538	0.038461538461538
2	0.038461538461538	0.038461538461538	0.92307692307692	0
3	0.038461538461538	0.46153846153846	0.5	0
4	0.80769230769231	0.15384615384615	0.038461538461538	0
5	0	0	1	0
6	0.73076923076923	0.076923076923077	0.038461538461538	0.15384615384615
7	0.11538461538462	0	0.84615384615385	0.038461538461538
8	0.23076923076923	0.038461538461538	0.19230769230769	0.53846153846154
9	0.46153846153846	0.076923076923077	0.11538461538462	0.34615384615385




Gene	T07243_0.6
Motif	M353_0.6
Pos	A	C	G	U
1	0.72	0.16	0	0.12
2	0.08	0.88	0	0.04
3	0	0	0.96	0.04
4	1	0	0	0
5	0.04	0	0.72	0.24
6	0.8	0	0	0.2
7	0	0.04	0.84	0.12
8	0.84	0.12	0	0.04
9	0.24	0.44	0	0.32




Gene	T62023_0.6
Motif	M354_0.6
Pos	A	C	G	U
1	0	0.13888888888889	0.47222222222222	0.38888888888889
2	0.47222222222222	0.36111111111111	0.13888888888889	0.027777777777778
3	0.41666666666667	0.19444444444444	0.27777777777778	0.11111111111111
4	0	0	0.055555555555556	0.94444444444444
5	0.38888888888889	0.22222222222222	0.38888888888889	0
6	0.055555555555556	0.86111111111111	0.083333333333333	0




